,PC1,PC2,PC3,PC4,PC5,PC6,PC7,PC8,PC9,PC10,PC11,PC12,PC13,PC14,PC15,PC16,PC17,PC18,PC19,PC20,PC21,PC22,PC23,PC24,PC25,PC26,PC27,PC28,PC29,PC30,PC31,PC32,PC33,PC34,PC35,PC36,PC37,PC38,PC39,PC40,PC41,PC42,PC43,PC44,PC45,PC46,PC47,PC48,PC49,PC50
num__Previous qualification (grade),-0.0026419135961804597,0.10343288307854495,0.02788497485232483,0.09358672976085637,-0.340060768883945,0.5387889622513445,-0.23228690668392862,-0.008853243804034685,0.027569442759713444,0.05888188822080875,0.0981918116731397,0.0773524111370876,-0.0776406228258805,0.22826442114318582,-0.4707705097102214,-0.06746266979383994,-0.2885417041342439,0.31335719845690885,0.07855594700884634,-0.10836620627026883,0.034672667182195846,0.010475009229112922,-0.012863094037301218,0.027146356584272627,-0.013197409019817382,-0.04204446718567681,-0.05075515928486196,0.006372978728057834,0.02552316428433674,0.0047884197800916704,-0.04662028324259845,-0.025287851722366025,-0.003675345021316912,-0.015714021442769132,-0.012750666817057818,-0.002118353720652266,-0.017397643087215375,-0.00816227952957519,0.0007430320912469397,0.026542694718923485,0.017220901432547703,0.010345249932330314,0.004390960439204783,-0.00420774273222614,-0.00484747206290004,-0.0037764363376565292,0.026139786150918613,-0.01923750080980835,-0.014205315678488512,-0.0035171268484855693
num__Admission grade,-0.008444613405683872,0.10997069741024218,0.07583750284679998,0.09488663130808908,-0.3073620074304356,0.5354362978349778,-0.2270126727107849,0.14795488878849963,-0.024947649634515814,0.055354414917050475,0.04824015981139722,0.04284213073922267,0.005824490890976211,-0.17617802521616446,0.5388974210784476,0.048838544054345,0.26643014472411136,-0.25865395136909075,-0.11592032824792636,0.06342509787733988,-0.07092417715844179,-0.011752991177895456,0.02537491171815994,0.016411353132656806,-0.000758453261900013,-0.06386195503320678,0.04665304217233229,0.015145705984107687,-0.0008577743460873519,-0.014142937614194339,0.0014938371433825606,-0.0068889335790857445,-0.011877527640035964,0.0615017175103824,0.07450303694323351,0.016151089899204055,-0.008943932955864225,-0.0073755402525847655,-0.009573693729421889,-0.006366416100391174,-0.003752938461778439,-0.015638980599635477,-0.006784668861628877,-0.02275288002533278,0.033211214693558956,0.026454894726179783,-0.009481596976952056,0.007105011290411911,0.007827562385542688,0.004147024074254387
num__Age at enrollment,0.012945392339260287,-0.21496295838504698,0.14528431642529813,-0.15787615642953115,0.16362871865860923,0.21988172027129704,0.3041674924608512,0.4860662458031722,0.047187824889220596,-0.10912946841441287,-0.12598809532380692,0.017020059946343143,0.031662372590396094,0.0877159048853155,0.033644345036993484,-0.33501500411321217,-0.0716098894144345,0.04474118424795398,-0.18182254630672773,-0.0006439865498652081,0.12999237722619075,-0.007264565040603849,0.0033007835161368657,-0.023948290744782334,-0.04514986382510677,-0.028283697973455414,-0.1565041602145538,0.10639452698252605,-0.10266196953107518,0.052055480943846946,-0.06597811027542819,-0.022112289065761376,-0.049959345829588706,0.01671947645810007,0.06181063130751035,-0.011360759418821455,-0.03908298596453827,-0.04154396805238005,0.017283046090467376,-0.06412939393729965,-0.10731287539816864,-0.011600889001476686,0.12490587909570236,-0.1476279771881531,0.02492481712460544,0.0799496542163461,0.03794392135195848,-0.04426358745882502,-0.07710952493459422,0.00976603721187712
num__Curricular units 1st sem (credited),0.1829514059685441,-0.03988696619162753,0.39833799529778735,-0.1767244045435873,0.06044383569097999,0.006049531363625321,-0.14377059305944756,-0.03759605797384302,-0.0081624070868229,0.02092869559158314,-0.041931529510510726,-0.09612761860121452,-0.037500693557777784,-0.10561370996791578,0.006914546026503869,0.10524353359073836,0.08260805243490678,0.10603032024679865,0.07576187628483542,-0.20686596562988907,0.13075819809144573,0.07657973615603046,-0.10455596653508548,-0.015128969179963911,0.008952576031778531,-0.03697122240569082,-0.0915008949428091,-0.05082024544869355,-0.038658762400873646,0.06726558694943775,0.05521688924928523,-0.01448971888527966,-0.01624658795469536,0.011831509127547182,0.01034043059384555,-0.02086711321249065,0.03087970791286733,0.011301500840962363,-0.010726400074953051,0.0035439515746833322,-0.009898657821829682,0.029337985928902004,-0.026064197929116753,-0.035104705589215496,-0.017185623928972084,0.021502818705555118,0.0015484900952914132,0.019300820546925977,0.04037498375113742,-0.014673009163905513
num__Curricular units 1st sem (enrolled),0.2899902307385165,-0.09707084845873679,0.17436652415499954,-0.12382759173312402,0.03912763790367313,0.027090973516473986,-0.12933652134841503,-0.13204507186543693,0.0017462856371031413,0.055456641989916594,-0.13373272452608853,0.00615779894613977,0.003643193727896177,0.038102061704207185,-0.013203434476481535,-0.04414200430972455,-0.06792748272959935,-0.06098017089404037,-0.01967308142158567,0.09513654196976028,-0.036277870346985854,-0.04224111839036554,0.09016816223893248,-0.01191358377148296,0.011904645602511872,0.007395642749599848,0.12494160320756517,0.14608369412074054,-0.04044445841741304,0.020575132649299152,0.04079785579075006,-0.01260091552771387,-0.07513018790991932,0.02229332629476337,-0.027729210406494682,0.049074436812953606,-0.009244733334267188,-0.018654356974993205,-0.0011689152810026066,0.03141709271474151,-0.006877222912766587,-0.09847572427325715,-0.011027460282451385,0.00554278040398716,-0.0061721372188820265,-0.11889865665476258,0.03164799884359319,0.027677075405090734,-0.012724812297777652,-0.03339259177583856
num__Curricular units 1st sem (evaluations),0.2451851961338762,-0.11943123767666575,0.15223087303050054,-0.008367886993609241,-0.044773293068550754,-0.08586747406730028,0.07404664976744821,-0.04368959121700869,-0.04440904240621869,-0.10332086202305096,0.41305879878175644,0.32416145524726203,0.0012925535226227525,0.07717460932261258,0.005229185205505943,0.0290627253015162,0.062493244120183936,-0.051686933966566054,-0.025825044083462825,-0.15371103060514185,0.09412636237436356,0.11868668447320097,-0.07053268485838435,0.03503768339245622,-0.09857199498314614,-0.15883146223031888,0.4365281926263872,0.4466145363920438,-0.046355970669966426,0.009558654244336296,-0.08994923014889174,0.05421954310944674,0.05767362675522454,-0.058132727048124756,-0.07174085896496885,-0.03129709105900288,-0.007905356927160198,0.00023400829853049976,0.04723897387555478,0.030525126629996693,0.04250678057072086,0.022472427217208574,-0.01231876816493116,-0.02083423084844531,0.009240129134739608,0.04018822275972453,-0.006568927930188234,-0.05853373139120466,-0.011149618059475369,-0.0068235680224955145
num__Curricular units 1st sem (approved),0.29559004215678064,0.16254489373727388,0.1515983225965563,-0.03665017829530234,-0.06295378024693349,-0.04642112437516471,-0.012375532935527456,0.005295252349849181,0.022461708357382176,0.00020110730651815012,-0.1610098022047421,-0.14094660997645456,-0.011225972095456963,0.017385427648983837,-0.013666081628936413,-0.04209183876457222,-0.06922507861609231,-0.040037982785046125,-0.02940871760981105,0.0770694048475485,-0.05972205983268777,-0.0403776802588546,0.058224289790282074,0.02332707036131247,-0.0462303138914901,-0.005942065423944813,0.08309402323709009,0.025037718842017012,0.06855124042077237,-0.0870842153886684,-0.11789231609902856,0.046634876576851836,0.08787985311953236,-0.0544740220813787,0.02175390650644516,-0.03817896880611668,0.0011068181964371676,0.0033806360010631316,0.026510661458429754,0.021880486174650896,-0.007026953975063116,0.011294862126677248,0.011910604272126885,0.0019617289212131607,-0.00812943118138718,0.01780395579853131,-0.004571724436915739,-0.015016415933732971,0.012636074849961931,-0.02361592859484317
num__Curricular units 1st sem (grade),0.2605991307311893,0.16451521649480327,-0.12240683622700288,0.09703485405321971,-0.22966474667374048,-0.09423770250082711,0.15445886562865302,0.16344164249713003,0.040550343042456014,-0.0840631568569596,0.003726592998125333,0.10521138659375895,0.05693580450074753,-0.11020057217280294,-0.014379810546900141,0.019439795941018065,0.014786980221850043,0.0586630725592199,0.09121264822288692,-0.0540253882680245,0.06977652430244177,0.011701340464741503,0.04030682191915404,-0.06673671492631492,0.08694264171405947,0.027868609003358417,-0.07053331160869863,-0.006270015179394063,-0.13000032192640285,0.14598515089640055,0.27694656876695883,-0.04961802821237961,-0.19196155798026673,0.10290579004220256,-0.008163408543137584,-0.01565529909144856,0.004034720745148029,0.03508694678596215,-0.027556010023898556,-0.014193357502014683,0.024172197429172926,-0.05753546218647734,-0.008972457591605462,0.011367204255641684,0.009312762397492345,-0.06358399214795156,0.03445392089755722,0.007363259035937986,-0.006689994438822039,-0.0011786134647720058
num__Curricular units 1st sem (without evaluations),0.01996042148506341,-0.19131750082356389,0.18015617141111895,0.4248753568644148,0.021869019411989377,-0.009351494019619183,-0.08492216594720664,-0.055577735684203315,0.01780109530806106,-0.40277981000425345,-0.022417119253989176,-0.08996294449055878,0.16527017228462335,0.038871493946195074,-0.0011861704947343787,0.006294785572416334,-0.0660327931282831,-0.032409333496054266,-6.102408370327328e-05,0.04195526399020867,-0.06647263518404148,-0.01022028345686701,0.05172433138605241,0.026831795168416883,0.006795908101739245,-0.013641607063525747,0.000701767448794105,-0.02149417198722324,-0.01051257413195891,0.0787176760093934,0.03636095395662978,-0.11968766053019589,0.008950690626494078,0.040954054218606754,-0.16546577633049953,0.4614160700657849,-0.09315530175970146,-0.24738906349360837,0.004992727321889601,-0.08211597505698154,-0.035635040605284087,0.013244481732410836,-0.03364422014493201,-0.012880880172303849,0.024303015581814406,0.0067239768221180815,0.029362586467986493,0.03259230791507082,0.026116370832475456,-0.009832572289664087
num__Curricular units 2nd sem (credited),0.18186662144979657,-0.03656499594143578,0.39527209140008235,-0.16239206320586802,0.10167571566163736,0.014169121652235606,-0.14259108906400844,-0.06335413928912097,-0.015404075109164528,0.042116254838615697,-0.06628734474994447,-0.002006564103334052,-0.007779066573048596,-0.13851411812625763,0.017953128942936297,0.12251482657824558,0.07679369330896849,0.10517031597843893,0.06019712200055184,-0.1800523205362101,0.1014201239344969,0.08167094886333295,-0.1159043133964518,-0.022021817075612987,0.051758109949780924,0.01797023932509889,-0.2075024179318809,-0.16140602385827357,-0.035289151941545416,0.06733463275000165,0.06019476414069225,-0.053434672648446216,-0.004546762715970702,0.04839124832774414,0.053129750543764745,0.030827251835839366,0.0099323983507578,0.01554627010367584,-0.012509298868668755,-0.02447673327131867,0.016481797279059837,0.06070841141882985,-0.013793105829070096,0.0357135995663873,-0.06481059815810666,0.015875110030899055,0.025744006144774068,-0.01110179057434532,0.03739999913559478,0.055239842506009385
num__Curricular units 2nd sem (enrolled),0.29363736144319297,-0.09368307346753614,0.10461846094187206,-0.08767112648786116,0.06441610563658617,0.05034573007744353,-0.12582517004406502,-0.16984770011766323,-0.031532894195015225,0.07051308858897953,-0.1716825193510047,0.09126272418658511,0.07255158311312426,0.05245218997002876,-0.01967881579467498,-0.09942228261411559,-0.10918783466627734,-0.08889263170767889,-0.04739493495787363,0.232248322022072,-0.12967706884279168,-0.10483433811972685,0.12280860207455901,-0.010922056941778488,0.05773521224268191,0.08067703967404438,-0.01890342007125348,-0.01821392831108394,0.00427750997982862,-0.020206976464277913,0.10731194554485438,-0.007322177081337561,-0.1344834957771591,0.04514094050668517,-0.022026917997153964,-0.05267970774077679,-0.011131083910590492,0.07363764853431272,-0.03292979849070006,0.009000806592215707,0.04417542695557026,-0.05140173488948368,0.04607282172670894,0.0581772233193997,0.052648753619732286,-0.058008357331464505,-0.011618736833136772,0.011622030889489446,-0.047993992565367134,0.011898181624581262
num__Curricular units 2nd sem (evaluations),0.24877489896145347,-0.07021080537030389,0.094930671482947,0.016327600848852753,-0.07500630311458589,-0.12063085073675192,0.06787875645370017,0.0055714957991833,-0.04139135386104742,0.00968661630883716,0.5209684257860314,0.25601149457359673,-0.0069629048262054155,0.23724757202263003,0.01994269991742026,-0.08873026477594334,0.016300055546276893,-0.13811020623458764,-0.1248889767637618,0.15734958239982533,-0.10935912325851829,-0.09169958764511213,-0.048679184351514304,0.069395972114975,0.022027346826841356,0.05902723955740367,-0.3350914785189585,-0.42104031009965315,0.11869753225235183,-0.10694269944738245,-0.1283364412485294,0.002564608790828954,0.0678163219197292,-0.016319710661407832,0.097243293108881,-0.03866801858062753,0.0021030740306288015,-0.03333484820692248,-0.010747204019464114,-0.024151506949664475,-0.052995674533995216,0.013688953544016405,0.015935919579521864,-0.02193634834952372,0.0027007186991532747,0.005924018322144162,0.0031641034535589696,0.042760161779716324,-0.006370443557081856,-0.00449635986070266
num__Curricular units 2nd sem (approved),0.2814420674376189,0.2113706080683446,0.08718456161308602,0.05089591115634746,0.14776968398973014,0.04958544959221284,-0.014252934528239058,-0.03759589844900608,0.00447605530821632,0.018425962332467183,-0.1933721956182045,0.1093989844558205,0.08206366133239645,-0.064256669898987,-0.02332614144417794,-0.028833867215219633,-0.05675470368943937,-0.004198895716505141,-0.014436849191108728,0.061763259518402086,-0.05360765223826726,-0.032443474458620336,0.049946086914213095,0.017091209913282335,-0.041887978957031904,-0.0021539583980594162,0.04561771805131785,-0.011556190258382117,0.07014784851241326,-0.08411113345620105,-0.12937192316546275,0.04057193950771388,0.08074775972035629,-0.05113664183151309,0.02704977688179225,-0.04186249595609956,-0.002976059918971957,-0.0003829130844593964,0.025883002885098483,0.013914198161937674,-0.008406992253483445,0.008762028280630593,0.01769954055317409,-0.0003533203209104552,-0.007239413173209752,0.018860594008652695,-0.003720735690412258,-0.017493812618518206,0.009965738614138228,-0.021165941931319047
num__Curricular units 2nd sem (grade),0.255060518033072,0.2236246080584228,-0.11650771577244642,0.1546613702421877,0.09405084228333827,0.03106153044870024,0.08807503764154397,0.11472591163748579,0.04462005206997671,-0.00023867067425337174,0.18826923381949967,-0.13714449560526462,-0.07919493742082909,-0.004592842040738732,0.010891484560417684,-0.01804489992423136,0.00714445437450506,0.01400892249240368,0.06100086668434651,-0.04426495306191383,0.07139666881316084,0.006581001430064563,0.057926016941774294,-0.06481147897854503,0.08117337354600067,0.01886344690068692,-0.03955443445995044,0.02520209878520102,-0.12347396225905019,0.13033882747452447,0.26927416659653475,-0.03933471129472403,-0.17417249020574296,0.09413356262745802,-0.010569901646745141,-0.0038594149121391895,0.0037219560812597613,0.03199582923249214,-0.026462844671544413,-0.010804259800329383,0.02954118207576764,-0.052556207063426306,-0.015035389419239962,0.013578529591269385,0.01426793705817983,-0.05556209315155074,0.033051886681414316,0.0005188526798976245,-0.00033927452662654844,-0.005330073364517199
num__Curricular units 2nd sem (without evaluations),0.016618139131111886,-0.19603584543574637,0.17196908419089765,0.42581789068660536,-0.048774024672932625,-0.10995218693421271,0.05314523339524769,0.090843455067256,0.06448612495395417,0.4252106121774681,-0.09304948414285769,0.03132494216705112,-0.060073371289332766,0.006193458299421695,-0.021726354572864426,-0.00641690530256301,-0.010459693249436908,-0.013451946591578862,-0.0013257972974284188,0.03215210162840801,-0.038614421928894735,-0.013440729064323104,0.004300684744035965,0.011068017613855168,0.0004826550590595405,-0.0007377795161476741,-0.001673135689913341,0.00576963331221016,-0.004682422415351856,0.04131376965518738,0.016241538344159395,-0.05391564919116881,0.00999359414131883,0.008474809179484885,-0.1042609468433288,0.25431184380141436,-0.03847413622774412,-0.12134173124000336,-0.0020385273878109718,-0.038064658760450246,-0.019180217542267054,0.011775184021832887,0.005690944334491075,-0.0009658681693720528,-0.004489821937153873,0.007807157212488928,-0.00011419438195753306,0.008896289144447317,0.004670114763100128,0.02384152223772713
num__Unemployment rate,0.01522683924849001,0.010160433685053026,0.0533179531925545,-0.014024506377153906,-0.09775201800153922,0.21532280606466214,0.5161291247376126,-0.3855188358106763,-0.30689562592531894,0.1942724734554468,0.021691025101913078,-0.22557359683727357,0.48512295754265494,0.14410005108209262,0.11210708679841015,-0.07676720949575697,0.0014848730609708094,0.035105260668128746,0.11387691694090944,-0.08333094590975504,0.0260327153129669,0.03058096832500392,-0.10592129810282444,-0.042349711444568755,0.01777989879195738,-0.07007174173547287,0.007151984933257246,-0.025796335994828855,0.029344831609087827,0.020585621306748667,0.007077691558509097,-0.010241384979872231,-0.0319737186604481,0.03222227717026534,0.03554935001734305,0.02465598416158612,-0.00695854659841641,0.002403276805218124,-0.006772766694009447,-0.02670244654754611,0.03945955841078501,-0.04993849867363098,-0.07826078545371266,-0.01930267808819479,0.03629465641533739,0.02277716265575173,0.008574615471993556,-0.01576156074948747,0.020888677844132415,-0.025563545028211586
num__Inflation rate,-0.002128441495541149,-0.022603608065004322,-0.009959848826599664,-0.08491461536789449,-0.01776646917670053,0.05476936076084204,0.053446408752762506,-0.16680148227663927,0.9138618478025591,0.06889933641175514,0.10219512247802831,-0.050357222222452896,0.3039147485089004,-0.011723523525434001,0.028485696301379843,-0.030122219253391095,0.03673583355100565,-0.011040803669442129,-0.019935480202919353,-0.03313557298859818,-0.006324438610330385,0.006805554642237838,0.003955708214944877,-0.03947298260648737,-0.005401109939646424,-0.016515194539387018,0.0015912387420352475,-0.011387960119961944,0.008246834390201928,0.002697278263108723,-0.01831268863980976,-0.005462514184530372,0.03605082083523861,-0.005595213879406646,-0.009625716318993421,-0.012279276964589431,-0.0009316690555946083,0.01352878654059169,0.009444957298093491,0.000578964604476151,-0.00012771438301210913,0.021089235985981898,0.015187169559942024,0.012736967228195503,0.0034079201668378543,0.0014231386362273286,-0.010798301294589606,0.002869907239776339,-0.006478610241920589,0.02136844955299705
num__GDP,0.006241040371223111,0.04275627063865785,-0.09973717651177,-0.06925386116236949,0.07112236667099156,-0.19907093349266436,-0.47387343702805634,0.42655813561482697,-0.12272754610001335,0.20303639352151603,0.09759309795715941,-0.10109805563968835,0.6221373607865051,0.16911311645065852,-0.026015951977783836,-0.02851782281614413,-0.04488384844817864,-0.032550758556155635,0.07386193360391044,-0.05668014180285354,-0.01655685256752139,-0.0027118753265001558,-0.08353878108077516,-0.008253542593609497,0.033485462387155725,-0.06632045831883918,0.05090023094471294,0.030628064977154836,0.032187895110490444,0.030744682380863426,0.009442225566846409,0.003529075984417699,-0.010016943398484138,0.005706388139893527,0.02159367163290859,0.006763403532813815,0.004342149412063193,0.006583688118925936,0.018259572933342186,-0.009255261518409136,0.024748385667184583,-0.028153655208210587,-0.02725503514881361,0.0015210240875188005,0.0372243601144368,0.010494719511073388,0.006304778417801402,-0.020766202474127235,-0.008051797371435729,-0.0010161246955537277
num__Approval ratio 1st sem,0.14696469999257303,0.37269573835357916,0.040397694982643305,0.08877852890409692,-0.1563267517184973,-0.11883969617207493,0.14867283519323535,0.1573472773729675,0.027763646867699165,-0.05846620433954336,-0.09104765789669433,-0.19508875157266897,-0.004207019799676137,0.005956708902246088,-0.014268373055569092,-0.02795326178843424,-0.03761827406624996,-0.007687290756721438,-0.013176652228439098,0.054088837857692834,-0.05998080686441918,-0.01985890543966412,0.023891501568665312,0.045199042813088064,-0.05535779248997408,0.005421480171554749,-0.013690581654994483,-0.06814651092201897,0.11123870937254535,-0.10910066231753776,-0.16463228017763262,0.03529620409694889,0.16079592459243583,-0.07136764207326238,-0.004346724025537674,0.03927351864017226,-0.010191831845969657,-0.029852817603303477,0.020343801374186083,-0.017019398231140168,0.00022420103542659942,0.06460314970241945,0.017881832767236497,0.004740096763372163,0.006941721102182757,0.1009415047340225,-0.051667932812149736,-0.010728989812910261,-0.0058344468119604295,0.0359150922998048
num__Approval ratio 2nd sem,0.14059308145260935,0.3883222208227043,0.026300597135590183,0.15647964351425098,0.1385732660752171,0.01867843161438546,0.1015909038103398,0.10237064624586759,0.029344862277470102,-0.04218180384652684,-0.1104210902380653,0.0589878407432147,0.06308158464934402,-0.10811256616869622,-0.022469010973438064,0.032707666221348,0.01082921742368518,0.061423640064309615,0.031002268192757747,-0.07819889610047004,0.02645219120171849,0.03320494063089588,-0.018373798702038688,0.018179467636875835,-0.07985270402482406,-0.04360444949484475,0.07299955710269859,0.03940345987140315,0.07594886714844767,-0.07466500806773335,-0.21004468644628277,0.027381620730922485,0.16621563085611207,-0.08532600808491818,0.012851348607063579,0.03587754754176674,0.016527988988139036,-0.060868067784323326,0.03276108186589331,0.011714976789398458,-0.04373343199632233,-0.007006430490353516,-0.011503894508457574,-0.0536687310036341,-0.034411181954245904,0.011937254398470026,0.00110554040919289,0.006643113082514224,0.011912628291344873,-0.018714958235562906
num__Without evaluation ratio 1st sem,-0.008661693630713509,-0.18980119938191115,0.12294469806289474,0.4145656557692853,0.02980100483555956,0.02196697855682614,-0.09120540946194175,-0.03775181241004269,-0.0037883750689447562,-0.4873929256549903,-0.016743339523320536,-0.1769790444046055,0.168669124643201,-0.003907775204958792,0.014090877827307419,0.007242029299140439,-0.018440549441680554,0.0214693866093186,0.022453235484753184,-0.05673482454676605,0.02638343717357031,0.006626311711917413,-0.02533270597929125,-0.03259293247888305,-0.0008648850512510686,0.013291856943697278,-0.01168353880204323,-0.05557054171149173,0.049470324599651685,-0.08476094904365501,-0.018430722606926506,0.09221614162835598,-0.027423864331795014,-0.014520214245481944,0.16435076296849488,-0.44878519927148874,0.09345383589736211,0.2567466403687807,-0.028149725545951625,0.08261676899582368,0.036970447613157736,-0.01912252123992802,0.022979661065961728,0.00983153845693208,0.005774353813255478,-0.006262323598292658,-0.020671491778270434,-0.02002245004706786,-0.023769643996119957,0.007499873614877004
num__Without evaluation ratio 2nd sem,-0.0019058568301025688,-0.19273291452406463,0.13097186171258685,0.41308640065938995,-0.05744421481045284,-0.10651465440456924,0.08499729596431767,0.11640869167493079,0.05460433027656135,0.4881114052359057,-0.08778697510654365,0.01188756160642529,-0.1052157122118551,-0.019689015172864033,-0.003239543276342821,0.0015302217860255277,0.0468118978027579,0.04118963527763547,0.023104858757584223,-0.05203245257101996,0.052488382549978424,0.009801005484238297,-0.041787830763080965,-0.01555814003524768,-0.012800824484571535,-0.001146670570584915,0.011947829516808173,0.052871547380825924,-0.0074671750195386966,-0.052409167097518465,-0.037298971341490836,0.08415280874299594,-0.004559666374603625,-0.04169547062922829,0.11966600241180997,-0.28655265392047213,0.029713328891231627,0.13265362157871696,0.002887079418244753,0.04989483723657459,0.014652075750388405,-0.005751825481637073,0.004741550902181799,0.00770244842703618,-0.013124522675327977,-0.011358531513722948,-0.007809713380064009,-0.009746843641777667,-0.005050070359417139,-0.016746768690824296
num__Grade change,0.024241463021295727,0.12847379915837773,-0.0054256596950071415,0.1169235792821314,0.5549807999583279,0.21411188504533207,-0.09969725811489939,-0.06657861727418368,0.012686631539954248,0.1404769409133181,0.33408042357967493,-0.42426827246400844,-0.23859458218180124,0.17641814189632005,0.043791847017706775,-0.06520445002629614,-0.01187148365599916,-0.07300885018338424,-0.042623591632181046,0.010542412625007193,0.012100165697777651,-0.007717803514520075,0.03714750484470086,-0.005291763069557587,0.000998940998461581,-0.01261520672778868,0.04672835249548209,0.056066786778181506,-0.0052899186464670095,-0.009094826005077593,0.022533017187816723,0.012066913300288307,0.006924999192764184,-0.002331180837270491,-0.005423130766990206,0.01926521626376488,-3.504503550712246e-05,-0.0009758318339311031,-0.0016459155783216427,0.0042607523904119315,0.0128825227133363,0.0014382907752461538,-0.012139075856288414,0.005491443512223762,0.010181356045316677,0.0061433358993331355,0.001994253279638869,-0.011404534924876489,0.010600611571034549,-0.0076593516295060966
num__Approved units change,-0.04771264825624325,0.1017877975790874,-0.1537437804013895,0.19995123759917982,0.47993964411412443,0.21960574486215081,-0.0035882060634812494,-0.09728834687182228,-0.04187223216041816,0.041208431096629035,-0.06463434251552128,0.573699211565739,0.21158979567702763,-0.18557403420103413,-0.021121622077103414,0.03222322298793634,0.03188437816172979,0.08318570465827918,0.03542527866006094,-0.03871505622734844,0.01700389728006607,0.02009134307302539,-0.021818124584167545,-0.01534375150268356,0.012278753607709587,0.008883447869969197,-0.08917754917787868,-0.08409543819955033,-3.328485961130723e-05,0.011353797295557468,-0.019695999335391186,-0.01619174383137026,-0.020802523980278306,0.010444102533261279,0.01082117646797913,-0.006301351204081804,-0.009293079037788837,-0.008691734153179101,-0.0028289377495826166,-0.019180552957072924,-0.0027476622319169038,-0.006328964859658403,0.01245963375474251,-0.005340232483155245,0.0024451301043463478,0.0014433004024904626,0.0021677223924856104,-0.004804818913962991,-0.006711255508465339,0.00679660377908378
num__missingindicator_Approval ratio 1st sem,-0.2445584562176335,0.2145570230640011,0.289882954317969,0.0022464623295421963,0.003874476732705559,-0.0689009433457969,0.03191801203558794,0.010514745452989166,0.008853759824879659,-0.010174946089995598,0.05904021948364935,0.07159933218884858,0.024639950733770243,0.03655831937721339,-0.02811426043977952,-0.032254018347142664,-0.009836011249467091,-0.03596117940513799,-0.008314470680558739,0.035212828665228374,-0.01821278067931928,-0.02130894634382699,0.03606937083155842,0.0005069638023039724,0.02147072823784745,0.007817086474646018,0.009925539242299969,0.024093677789953243,-0.019881747123801072,0.02516625784218363,0.06988868201765319,-0.006353871565932423,-0.06034555715162755,0.0222884423602153,-0.0028964918953541027,-0.019653532694843115,-0.0011403927489012367,0.01808647509554314,-0.007249517361403406,0.0044629263853158685,0.013398198597920574,-0.02540951434551314,0.005556628751994291,0.007982087151277387,0.011956500670148218,-0.030827016338824863,0.00845297560695464,0.003242033169700634,-0.005030489985066014,-0.003294207916959776
num__missingindicator_Approval ratio 2nd sem,-0.2445584562176335,0.2145570230640011,0.289882954317969,0.002246462329542196,0.0038744767327055585,-0.0689009433457969,0.03191801203558794,0.010514745452989166,0.008853759824879659,-0.010174946089995598,0.05904021948364934,0.07159933218884858,0.024639950733770247,0.03655831937721339,-0.028114260439779527,-0.03225401834714284,-0.00983601124946712,-0.03596117940513807,-0.008314470680558461,0.03521282866522835,-0.01821278067931953,-0.021308946343827045,0.03606937083155845,0.0005069638023038059,0.021470728237847625,0.007817086474646087,0.009925539242299525,0.024093677789953243,-0.019881747123800975,0.025166257842183522,0.06988868201765322,-0.006353871565932312,-0.06034555715162748,0.02228844236021557,-0.0028964918953540975,-0.019653532694843125,-0.0011403927489012644,0.018086475095543328,-0.007249517361403429,0.004462926385315993,0.013398198597920574,-0.0254095143455131,0.005556628751994357,0.007982087151277316,0.01195650067014831,-0.030827016338824544,0.008452975606954793,0.003242033169700495,-0.005030489985065792,-0.0032942079169597316
num__missingindicator_Without evaluation ratio 1st sem,-0.2445584562176335,0.2145570230640011,0.289882954317969,0.002246462329542196,0.0038744767327055585,-0.06890094334579688,0.03191801203558794,0.010514745452989166,0.008853759824879659,-0.010174946089995598,0.05904021948364934,0.07159933218884858,0.024639950733770247,0.0365583193772134,-0.028114260439779527,-0.03225401834714273,-0.009836011249467137,-0.03596117940513799,-0.008314470680558628,0.03521282866522851,-0.01821278067931928,-0.021308946343827136,0.03606937083155824,0.0005069638023037504,0.021470728237847694,0.007817086474646129,0.00992553924229974,0.024093677789953263,-0.019881747123800947,0.025166257842183543,0.06988868201765316,-0.00635387156593227,-0.06034555715162742,0.022288442360215335,-0.0028964918953539864,-0.019653532694843275,-0.0011403927489012644,0.018086475095543425,-0.0072495173614034476,0.004462926385315924,0.01339819859792065,-0.02540951434551318,0.005556628751994334,0.007982087151277382,0.011956500670148092,-0.03082701633882466,0.008452975606954682,0.003242033169700592,-0.005030489985066139,-0.0032942079169598504
num__missingindicator_Without evaluation ratio 2nd sem,-0.2445584562176335,0.2145570230640011,0.289882954317969,0.002246462329542196,0.0038744767327055585,-0.06890094334579688,0.031918012035587945,0.010514745452989166,0.008853759824879659,-0.010174946089995598,0.05904021948364934,0.07159933218884858,0.024639950733770243,0.03655831937721339,-0.028114260439779527,-0.03225401834714281,-0.00983601124946712,-0.03596117940513799,-0.008314470680558628,0.0352128286652284,-0.01821278067931935,-0.021308946343827212,0.03606937083155848,0.0005069638023038614,0.02147072823784763,0.007817086474646198,0.00992553924229983,0.02409367778995335,-0.019881747123800836,0.025166257842183577,0.06988868201765318,-0.006353871565932312,-0.060345557151627434,0.022288442360215238,-0.002896491895354042,-0.01965353269484317,-0.0011403927489012054,0.018086475095543352,-0.007249517361403479,0.004462926385315841,0.013398198597920533,-0.025409514345513057,0.005556628751994426,0.0079820871512773,0.011956500670148133,-0.03082701633882467,0.008452975606954807,0.0032420331697004534,-0.005030489985066,-0.0032942079169596336
cat__Marital status_1,-0.00323954000647367,0.038634081854685566,-0.02243203842273071,0.024107549961934618,-0.04023085376237057,-0.05874788922349382,-0.06965618544297032,-0.12123791763289575,-0.015247843524805644,0.039479370025043856,0.04565026532670497,-0.02796431825328451,0.006956779685740067,-0.04623119852266149,0.00949703511799836,0.07534266169918424,-0.009518360911341422,0.03775138123798359,0.033508983338526505,0.004679315836971447,-0.025761688360026347,-0.010384517611861682,0.006060494566365746,-0.032638840152518014,-0.0033417148638230365,0.02804220975505678,0.04163315578896973,-0.015035290580679551,-0.026118491025475282,-0.032217517944680585,0.038805163427019645,-0.016088414057716688,0.03039873632277448,0.04069752979047911,-0.026676384726813274,-0.01621681308452166,-0.0036100924436087423,0.03597043820825074,0.034969867347847954,-0.09006463021641058,-0.27089044053221023,-0.1702084731196154,0.2981829551567052,-0.410736489698611,-0.03171656263472529,0.09927372521979672,0.15653778561618345,-0.10510818412813859,0.06778497547154712,-0.014242758872523978
cat__Marital status_2,0.003185302316691526,-0.027620597076883614,0.018146102669538224,-0.017956117011400746,0.02904399770670534,0.04646918548051427,0.05714836355073023,0.09515428953866285,0.012976262049060267,-0.030900825713650246,-0.033146152566701545,0.02093075390351867,-0.013143383156771169,0.018527922785645388,0.0005717645659762578,-0.057990401168703576,0.0034876430409935683,-0.03119900587788959,-0.014201521338574996,-0.00612684095810867,0.024481159825026508,0.014073539505281736,-0.006497046458998124,0.02398096360709917,0.01203279250641808,-0.01781707175938403,-0.009030820073281987,-0.0018900798184768308,0.049210348319663096,0.01867143845853413,-0.03720418893015369,0.013261846310033104,-0.02834927754504541,-0.03336101490154338,0.02491202932524457,0.009763868809104053,0.014263035293325593,-0.01849067044067816,-0.022488411875092942,0.07651942798985271,0.27010984737173016,0.14688119217020415,-0.3112984310364711,0.41350986614865026,0.020128683401092605,-0.10620013687255345,-0.17357914199932792,0.11343990126678025,-0.05333582210635854,0.03656309762202245
cat__Marital status_4,0.0002527260108288643,-0.008425236436714575,0.0035217764811821843,-0.0065111239118852615,0.009907040242977571,0.010067948390097189,0.010806670652476843,0.02081775706752635,0.0017692353330374657,-0.00750023543437086,-0.010284608325644207,0.007295901809391721,0.003901824340661438,0.023938309740314644,-0.005013208655509799,-0.014400983477168366,0.004181359656432994,-0.007029009838726209,-0.01859113143120794,0.0006997644861168606,0.0005227345976669961,-0.002093432674266038,-0.003665291816574434,0.004831474100279454,-0.0013277024468625054,-0.008706326743796372,-0.024254703360157434,0.01794016193198259,-0.022499462122146943,0.008319344767322216,-0.0023075406055926007,-0.002233672863847569,-0.0008260853939069807,-0.004020717381011646,-0.009484925395778554,0.007211991106908466,-0.011140458999218728,-0.01829109468209445,-0.011935480959957386,0.010020635011545515,-0.0025208865780171064,0.011628618872784727,0.010097439594253351,-0.00629469969586744,0.01716034632212248,-0.0015651379928418134,0.0161529232423189,-0.01029416356431924,-0.0046978795001969,-0.019989959478815024
cat__Marital status_5,0.0001999870071846114,-0.0012468694922998414,0.000574456413265948,-0.00042815132875322477,0.0003179666215676395,0.0021405453128620537,0.00196853608772043,0.00436381028528049,0.0004946915621716394,-0.0008867126372957084,-0.0008624670438912136,0.0007417628689991136,0.002427277953819801,0.0008647595135395898,-0.004449337830453393,-0.001575196766345724,0.0008342738591481311,-0.00038597587213965584,0.0007636256852093237,-0.00020645886689660276,0.0022405274521557494,-0.0015443714946562909,0.005631045908048612,-0.0003476789441588246,-0.004195454218742439,0.00317318924648486,-0.004949553017018882,0.002737019950729582,-0.0014298956974862082,0.0029074664173297047,0.0044247758722343045,0.00237209491101828,-4.625053987568177e-06,-0.002859550000042746,0.008187599753921138,0.0016459245313888565,-0.0021149584548868505,0.0003239187704582175,-0.0010554164528422134,0.0006118363130302867,0.0030753579471807235,0.010726888656766409,0.002823940830468455,0.0031551197413103166,-0.0009936419170386845,0.00851309966038618,0.00010173669895099935,0.0036736878189104483,-0.010410733785149073,-0.0008467523784985338
cat__Marital status_infrequent_sklearn,-0.00039847532823133027,-0.00134137884878753,0.0001897028587443659,0.000787842290104597,0.0009618491911200533,7.021004002028253e-05,-0.0002673848479572137,0.0009020607414260226,7.65458053627674e-06,-0.00019159623972707365,-0.0013570373904680342,-0.0010041003286250024,-0.00014249882345009556,0.002900206483161892,-0.0006062531980113998,-0.0013760802869666154,0.0010150843547667389,0.0008626103507719234,-0.0014799562539529465,0.0009542195019170002,-0.0014827335148226428,-5.121772449758616e-05,-0.0015292021988414228,0.004174081389297923,-0.003167920976989813,-0.00469200049836116,-0.0033980793385117447,-0.0037518114835558836,0.0008375005254453172,0.0023192683014946133,-0.003718209763507646,0.0026881457005126924,-0.001218748329834922,-0.00045624750788109125,0.0030616810434261066,-0.0024049713628795655,0.0026024746043884356,0.00048740814406364463,0.0005094419400449614,0.0029127309019819636,0.00022612179131666077,0.0009717734198601349,0.000194095455044712,0.00036620350451767314,-0.004578825171451105,-2.1550014787638516e-05,0.0007866964418745404,-0.0017112413932327541,0.000659459920157146,-0.0014836268921850546
cat__Application mode_1,-0.007511805689616356,0.07761313876477069,-0.041645230442776154,0.05508751642597795,-0.03681899030938389,-0.04063438208690139,-0.0661688340801064,-0.08875374776610348,0.03701858761241992,-0.004170392041409932,-0.06586014515045037,0.024984534615900417,-0.03652835845491519,0.05869334319282473,0.001945225869047113,0.09395601040717733,-0.08375347326967472,-0.15165832684588504,-0.045290475490809265,0.3471357657753565,0.49672292405508556,0.010249048601768118,-0.26364856200540254,-0.17009774952488446,-0.0017339048859971676,-0.2281800512334629,-0.015035673931436566,-0.04466911471281439,0.08437267201272917,0.11700991435828931,-0.04847682106987697,0.0033244488232091196,-0.008301142819506967,0.03213104249876336,0.03394933361174334,0.018931736178846137,0.0062053724463696815,-0.004508624035194073,-0.03968897892484666,0.002232960242295967,0.039952481610782305,-0.009554810134322678,-0.0037961072811707325,0.041876918144025485,-0.008426785583299588,0.06143648368607492,0.16335503464581583,-0.05359226138535318,-0.07626509809029432,-0.11637294521047678
cat__Application mode_15,0.0006663776701028797,0.000592148936956718,-0.0004190436427387108,-0.0005556375131989481,-0.0007990838502706734,0.00019625239830654717,-0.0015770296261225303,0.0035937215333809295,-0.00296320789800699,0.0008276679084261613,0.00382102299499052,-0.0034859425525058316,0.002664988662413275,0.00024050283270258415,-0.006804078703590356,-0.001227371663286477,-0.0005163067662153967,0.005000204606318975,0.009795695231613201,0.0025297125534909913,0.0026659442950071263,0.002503207229832883,0.01138659480491674,-0.004463367955111725,-0.00762589958334391,-0.004274455390637811,0.0029160750506159244,0.006350920957581496,-0.01179332205012534,0.001759532389393765,-0.014421864661229106,-0.003797454605177216,-0.0003926465469789378,0.010399189591443269,0.004084121038982544,-3.235609342482765e-05,0.00359376042774359,-0.008781199350597034,0.011545751303671598,-0.0038439854722663036,-0.021942645762322036,-0.003976275282690997,-0.003284974393659053,-0.024525397490125937,0.0020134925896230504,-0.02534485061084129,-0.0811027710241232,0.036586294225469856,0.01759257348199896,0.002146345477233203
cat__Application mode_16,0.0006347968643576605,0.0016126852979632493,0.00021193065971703915,0.0012785312640027342,-0.0007760787006575598,-0.00032261937625681673,-0.0013316918389055898,-0.0010524513347421184,-0.002795634104211947,-0.001266198401141912,-0.0020181556561759597,0.0036240023568310004,-0.002999959601716777,0.004183434686506811,0.006580895102317254,-0.0012361140998745695,-0.0006713778808357027,0.004952615846997159,0.004675013609566977,-0.008393693896273488,-0.004512718719821271,0.006893335704707263,-0.0019323465235184384,0.002509820474630173,0.002854961303611639,-0.0038744753421552577,0.0045333179363372675,0.003686410151111503,-0.005629725001804469,-0.0014341320933768664,0.003328440261548741,0.007578154387917493,0.004358600559840824,-0.006228913363418423,0.004813971517032981,0.00437761534021764,-2.099449273702998e-05,0.009315196456938422,-0.0032348381752984176,-0.0028317536872834136,-0.008036826327373408,-0.0053143460876171385,0.006511702762708422,0.0007603657862897786,0.00043868122119953765,-0.00841493848964927,-0.006959544773584727,-0.0011913215211709818,0.007559224417721718,0.018379262980842262
cat__Application mode_17,-0.004038180066119134,0.015599812716355271,-0.0328274320132819,0.0065960265443180885,-0.006683756703447132,-0.06632514907036154,-0.020951138619347793,-0.05081201752385373,0.007198984992206108,0.01406706690529128,0.011591660111814993,-0.00888873021931457,-0.016997789585578037,-0.032450021774111694,0.04600007401133724,-0.06281121768640914,0.03920286727391679,0.02772047401222947,0.03857162751682124,-0.33999366022688576,-0.40786373148792116,-0.0053465487332539086,0.17860557058390397,0.19053590405478746,-0.009785792669062465,0.06326229085044709,-0.09667054744329982,0.07595104817356418,-0.10909978196753675,-0.06599244202583235,-0.19427022332541768,-0.06989480296432497,-0.15140354019301774,0.14872472864216588,0.04532268099947498,-0.030049547653617878,-0.01471190152613635,-0.03874883047654267,-0.025399507432052167,0.02433939211137673,0.09668746553877647,0.032174101773572425,-0.018613197794435966,0.03466292135705758,0.024969846552977883,0.0678235524546919,0.20356669901963437,-0.06426436739665553,-0.07738419819312911,-0.14416043419050975
cat__Application mode_18,-0.0010789228132160162,-0.0009022843545048749,-0.003548200099234674,0.001549383734665975,-0.0005743060935684439,-0.0028012443675955903,-0.003844466964497183,-0.011479327578294196,-0.007910274124278785,-0.00048222468750917514,-0.007630793237211668,-0.0019015314577298826,1.5551567211021076e-05,0.0028512076148530627,0.0013349048334852392,-0.01170458459596735,-0.0058002730901347286,0.0072568316820976475,0.00749748456885594,-0.004572689615341562,-0.023227187685812126,-0.003624449303130506,0.014420517173387645,-0.006489184777851773,-0.005258287867708652,0.00033514265697793394,0.01696035366927886,-0.0032069082489337916,0.00666567356199449,0.0029647974218993214,0.0016192405286761568,0.0021081318806726035,-0.013555361515358992,-0.010596834445088962,-0.005237104103025081,-0.0055853781935486565,-0.005105560125609594,0.016051859964055656,0.028065107091213435,-0.018097096568773466,-0.020780052859500422,0.009020139939190732,0.006045312220726308,0.01010817392706855,0.0005380853591275235,-0.007178558579189092,-0.06327351058389546,-0.004958994389863136,0.03144206052033836,0.040973724310849495
cat__Application mode_39,-0.01416509370451227,-0.06950531164982289,0.0058946077753689805,-0.03580310233339222,0.033655299704753755,0.06864736507893787,0.10179600950547485,0.1299185855500827,0.004035342799085066,-0.017127061343639158,-0.008025571599162016,0.024203211758846918,0.03577043872762836,0.03483727840015768,-0.022860527342056628,-0.0600626562039954,-0.04168268376682764,-0.02471022463592035,-0.06302768179317422,0.008217948084957957,-0.006015833825824983,0.005424278868126526,0.07291994376884026,0.012987321775108236,-0.022787864132256412,0.08916407180768751,0.14829689493976622,-0.01689584214550148,0.0631946891691152,-0.04999214886584049,0.0983855705169531,-0.06560384539794172,0.15977730030344073,0.027505178241555975,0.22258877062979843,0.09217860968530067,-0.012015988862184114,0.031329172627045786,-0.09148740438215315,0.15417765036237752,-0.009087699510610753,-0.06703138931439437,-0.04230664099262623,0.06889422095273273,-0.28408337787430954,-0.22931958497175337,0.21447698408328533,0.038580603638723635,0.31834759127501294,0.08108364116682462
cat__Application mode_42,0.003927409087812656,-0.003260567613283531,0.00801906485974647,-0.0011768260351799004,0.0027075748479779937,0.001178518277290835,0.0002861165303217707,-0.0031746927694770548,-0.002499405407750314,-0.0027525272429602824,0.003629464274547871,0.000602102259778218,-0.011033335060236626,-0.00514122975967467,-0.008292758250349268,-0.0019751744227731226,-0.004877957071495678,0.002303982102711935,-0.00089003202108074,0.0062379266813486055,-0.007935695355546977,-0.007495005825207173,0.0006237505827898782,-0.0024405781539330704,0.004342283858194906,0.012542436955130394,0.00588544107945204,0.004878763588101048,-0.02902803641887775,0.002870498690515099,0.010054378732284942,-0.0032281232296995934,0.0012142664379033476,0.0025248705330382128,-0.0037348433451498617,0.04252906647344755,-0.024862719785924838,-0.012978441287819982,0.02206807428233464,-0.005858455790312335,0.00865882016656119,0.019809982789647004,0.0034673005113617303,-0.014547037992871962,0.00908989882375221,0.0071044654889742195,-0.018378343653811018,-0.014013007324838496,-0.0014485747371349323,0.0024674002963462997
cat__Application mode_43,0.009877723360813561,-0.011801144722187271,0.03447994137582101,-0.011714933663334978,0.02981956660049065,0.0008718295069260911,0.011166218046434395,-0.0034033906050108583,0.005601391856628559,-0.005716668907240989,0.007320143123257622,-0.0040702104686075515,-0.02462673323688044,-0.004234007321427336,-0.040554305483821,0.014485256623487302,-0.0022680763974893057,0.024507131086822675,0.03620501772787225,-0.024849351724184614,-0.023713043355282883,-0.004387246260455963,-0.041538522000309455,0.0007490880552968662,-0.025739005227709597,-0.009661150935665504,0.012502626304459821,-0.053328921751842284,-0.005792816430664776,-0.055145736926353585,0.03358356569918601,-0.003810070979621216,-0.07953490081558334,0.04908327804974755,-0.005980234478382737,-0.041102149310849476,0.025509217074856077,0.04451848319855024,0.05091800879027078,-0.1175615722334373,-0.04661977248596789,-0.038475198083580825,-0.012961698002431299,-0.0948633745319381,0.20003829817285837,0.09588100748451141,-0.3325762158395103,0.049071951932230747,-0.17311621003328392,0.14860022221394115
cat__Application mode_44,0.0021647833725006527,0.0015786466873156197,0.005107899533788154,0.0007287446873947664,-0.021028690891146593,0.028269132910825164,0.004326727227023116,0.003982043467558945,-0.033265506186360524,0.011452984158923341,0.058964810627443895,-0.013512022386836468,0.024630082099932397,-0.03401658634619005,0.03481210018851611,0.03398076193447096,0.05625982813683668,0.08250379023465876,-0.0006762993318943423,0.01854995869751861,-0.03866625474186937,0.010154590372876051,-0.007182607291750194,-0.01839149115017957,0.03607323695158107,0.0599292466798132,-0.06280045759042913,-0.023267165799005562,0.04682872234523002,0.01263841315337894,0.05004250097553031,0.09332991142446698,0.04554971205149005,-0.1644252897676557,-0.25259839024773795,-0.037510647852767656,0.026473009900945976,-0.025905309213609687,-0.020795167631354063,-0.009003771269871993,-0.006754984823916212,-0.020373851052190726,0.011762545812813805,0.026650451690104854,-0.017616610258568446,-0.06749043590011677,-0.05119206476895557,0.004363752618279371,0.06367966720881232,0.0988604625467274
cat__Application mode_5,-0.000416643375663974,0.0007468022799201633,-0.0006262884634057253,0.00028771899481197917,-9.248508865414782e-05,-0.0008914330671508411,-0.0015473094955166069,-8.25456900156369e-05,0.0008591752755817347,-0.0006714694633954999,0.0005374468650367187,-0.0009661731204613759,-0.0007589164333385483,-0.00024495572529650714,0.0016983281356758573,-0.003181565542563659,0.002668521301050087,0.002103016263002741,0.0019226267302993962,-0.004290454658256905,-0.0012015776471228246,-0.0011040946637626131,-0.001124775661568253,-0.00030705180007097824,0.000246951572456325,-0.002344267257611097,0.0005472580772310341,0.0036121554487132286,-0.001956713746038242,-0.0012498327946146477,0.0023965987547782813,0.0030795081188458896,0.00298927308899705,-0.0016491015634582246,-0.000701301903664877,0.003577063314427073,-0.0027880858476144015,0.004698298256538039,0.0007410958785378937,-0.0020724737406153035,-0.0065383660042940914,0.005014718872670982,-0.004977735651264988,-0.005756133135483703,-0.004305942031881154,-0.00444575955927301,0.0006616186979427432,0.008356689400629239,0.005978107770319346,0.011249252692975623
cat__Application mode_51,0.0026930114677976348,-0.001013525686345301,0.003987209174365626,-0.005480454157182594,0.004248952808286735,-0.004309560574834808,-0.008752106666539536,0.0032316830211196225,-0.004169180569125056,0.003224428619671787,0.0018408645850376878,-0.005699564095112803,0.0065732296566343605,-0.008137965914971627,-0.010666533369366495,0.004468846857222001,0.003893377896971172,0.009357261948248664,0.003278404795966768,-0.0013465395188970023,0.004458970068534507,-0.011205738539482783,0.010857682076190065,-0.008411305816806009,0.0032008457633126187,-0.0013839867657329252,0.009214574804737476,0.0007926089822059054,-0.010386937452767824,0.004482230861966505,-0.005679751962714825,-0.007133145171578224,-0.009648778148188751,0.0026553059758758074,0.0034005614952582995,-0.003943772817399202,-0.008887648104029129,0.0039819874637272885,-0.004014434605480287,0.016326813694574966,-0.011820138797525373,0.00961907705649541,0.007629805595550196,0.008856238127662005,-0.009152709653414581,0.0027626127315528116,0.0035523621042354795,-0.0004902661474604558,-0.004499336442619954,0.0006982440207670649
cat__Application mode_53,0.0032875057471664286,0.000505936898319737,0.004830883348385814,-0.0035938492290164483,-0.000692036224067255,-0.0018899337754861361,-0.011404617657706584,0.0046633539215884465,0.0003286078752001801,0.002622132478265331,0.008503868295725487,-0.0008836851707393528,0.00697327705458495,-0.0027380144193439645,-0.00018942688864983053,0.009645999735711282,0.00811097954165774,0.009125030101197766,-0.008761863867864417,0.003983578199522605,0.0018916603964646665,0.0021477411144656114,0.011894875809776443,0.004778995640475073,0.002590220575948366,0.004934352486559988,0.0023755782861564654,0.01620710871001911,0.005169864196251312,-0.004597894371602134,0.0005873056075824442,0.004987741266624738,0.006631751208185166,-0.017305539510928645,-0.00920819042463115,-0.012885523731315431,-0.0013067515071866296,0.005382118074094066,0.0038344053589523795,0.01352445721133038,-0.0016655702481061848,0.006974390008125837,0.006460017835907031,0.008904219998346176,-0.013311705929833328,-0.00674583687021351,0.009064017803035243,0.007172806846843205,0.007113944002822808,-0.011019499469021123
cat__Application mode_7,0.002298366854469916,-0.011690598755281447,0.013233568753895397,-0.005045966746492568,-0.0023291243174950235,0.015234958069610692,0.0014397967986715283,0.012638153397206723,-0.001443272656174098,0.0007271840072597676,-0.009507614667594108,-0.01563172939949104,0.019324034015232572,-0.012508659721985692,-0.0020264058036373604,-0.013800855587566826,0.02496154482109347,-0.0016477318225911802,0.009700813463771251,0.0002500898407023201,0.003178657879023777,-0.004252440416303779,0.011916099222421688,-0.0025393037509895584,0.026696922969656582,0.018536402122766228,-0.022417779114998572,0.027234489479058918,-0.02562813622317011,0.03712997521857055,0.06839084893850013,0.03368950149481503,0.04492963889263005,-0.06886871469792928,-0.05058473176746835,-0.031454148722517415,0.0032389776074683158,-0.01691963048326023,0.05585440103096254,-0.046514069774130674,-0.004874901804858819,0.06380226859675045,0.04573370722518693,-0.04365706455283214,0.096903807374234,0.12929330775092307,0.0061162576782334555,-0.02396955458227868,-0.1431425774105889,-0.12540238134374915
cat__Application mode_infrequent_sklearn,0.0016606712241063462,-7.573880017612996e-05,0.0033010891803486133,-0.002157151973373894,-0.0006368417828183177,0.002776266076689945,-0.003437673159183465,0.0007306323765597085,4.390534786225553e-06,-0.0007349219905407263,-0.003167000567260688,0.0016257378794423104,-0.0030065094109712337,-0.001334325744043321,-0.0009774922989079344,-0.0005373357556323305,0.004473029271147268,0.0031859454201107022,0.006999668860056101,-0.0034585901930583736,0.004217886125085912,4.332184981938099e-05,0.0028017794603228292,0.0015789029295295424,-0.0030746686286836624,0.0010144433658831103,-0.006307662067870519,0.002654447167742196,-0.006916151994334645,-0.00044317501639280776,-0.005539788995801532,0.005370044951791164,-0.002614172503852513,-0.003949200184110359,0.013885356977769475,0.0009694333832016705,0.004679312794038461,-0.007435081193926232,0.011593487415241662,-0.004818095085264917,-0.0071778086916452506,-0.0016888090816567572,-0.001670037848666343,-0.017364502280034413,0.00290502123753378,-0.01536146461569213,-0.04731052338830112,0.018347674085444184,0.0241428262300245,-0.007503295492750533
cat__Application order_1,0.0027588230750285633,-0.037592094092604965,0.05407253502211963,-0.02493692563335095,-0.0010488513305735871,0.09436409954469216,0.06896661119051556,0.10083672910238306,-0.015724223963704983,0.0010930167943793143,0.0948166548331473,-0.0497237914213338,0.062428596038576374,-0.05430612133825913,-0.12973191049514035,0.23369085230925082,0.09878460262617814,0.01439627136947404,0.035463346743959234,0.13230702766343844,0.05250480033671257,-0.0766690654658332,-0.03882171866535493,-0.25789802452278104,0.13979089323645244,0.532805149614141,0.17458922064916804,-0.007834060329609135,-0.11306710345188557,-0.010326244692544194,-0.3014661046069512,-0.11210695916247207,-0.09623468839647578,0.05567353060403864,0.024411219602451715,0.020556742037587894,-0.00886154441420648,-0.047241398837414794,0.058230022096539366,0.040058035576991634,0.03655721721273263,-0.08450716351895804,0.16368283861684094,0.1565693784085152,0.08348167568045285,0.040200028754635825,-0.06697388498573444,-0.035050063803284806,0.025782760122336178,-0.11347015189569318
cat__Application order_2,-0.003282461834434222,0.006254998026384701,-0.02152726155354771,0.007419085045352064,0.00011872840967432945,-0.03616026866784916,-0.014581001129195054,-0.040765432715870326,0.0032095005912120764,-0.008843395844342647,-0.030809459608532177,0.019112384226077608,-0.023181070848920113,0.02170160877211228,0.05085370968705419,-0.08310880770992986,-0.020623212504056257,0.029149794175179447,-0.021860025760336757,-0.10844648205995329,-0.023872948204949195,0.03593854975621179,-0.00838773837678429,0.18085105699565704,-0.09903743670818185,-0.32623953329833366,-0.11651518380591659,0.009440251503433101,0.031241119579238204,-0.003129152172339101,0.17917759583851112,0.1231161919565777,0.11357275929558301,-0.034813790323825256,0.08409445065940038,0.12439778878230758,0.03476182912032978,0.06519293551237387,-0.0931949444109353,0.08641731396552425,-0.038998892328192515,-0.3070026336830204,0.4200935406231818,0.34722708773631733,0.11784193836496229,0.025191859977207562,-0.16534505868189373,0.014361987220737449,0.11265999850431607,-0.08055024985005754
cat__Application order_3,-0.0010843541825683468,0.012616049831166754,-0.011004712440585296,0.008534788901411593,-0.004537387959683188,-0.01776824533525353,-0.02227682444023985,-0.019524527447809026,0.008348102716621623,-0.0029623939572464932,-0.02034910094696257,0.010170609320424798,-0.014849604940906442,0.01425365421646474,0.02739214086566614,-0.052792043108275274,-0.02430297164548618,-0.027642843693008894,-0.0010292393739058635,-0.01914654077930651,-0.008687464393359726,0.04271332061755355,0.01547798250484012,0.0173261297500241,-0.030696106782174607,-0.09603018864729897,-0.027511915964752047,-0.014304161943278163,0.030330823412697817,0.01778357360248455,0.043919563560782304,-0.014891159722859539,0.014909523396625855,-0.02100443944285874,-0.05317773635505381,-0.07479826163135643,-0.03271871048846454,-0.012044737261294772,0.01407931112406293,-0.062023545848528254,0.03486197696241545,0.18658201713649755,-0.2701111978662586,-0.3279290550111518,-0.10504354707042868,-0.1478826208438162,0.06913156357948891,0.10194822548918886,-0.19434515009496772,-0.01102598107008532
cat__Application order_4,-0.000378600110012715,0.013129650548494015,-0.0116063217718294,0.003085662021189009,0.003089089761924731,-0.019945082435352382,-0.015280443871852333,-0.01754216284558996,-0.0006029298325382488,0.006258612860985445,-0.026769815391165144,0.0022066218129954854,-0.008066027122994078,0.014526062749951187,0.03044492943969016,-0.05370753291679446,-0.023337681846152494,-0.005676425114603644,0.0027541580794079004,0.004508837185777597,-0.002706821584073607,0.0011444553430145533,0.008975402031005286,0.02953102687366826,-0.008603459955530001,-0.06090890498644071,-0.02258438096868433,0.0017636246198117211,0.03923484906559271,-0.0004098433552820434,0.03514597234521742,0.010569287511242413,0.008635412779088376,0.00809502357430859,-0.028066716890223695,-0.03565951874653784,-0.0026072039442779325,-0.002175468944916034,0.028453043070047812,-0.07124971403392445,-0.021581523010901334,0.13122336592843836,-0.20664440852419952,-0.11755423037944616,-0.047996897688433945,0.048587606644673265,0.12635547422134852,-0.03230319852872604,0.06941386170937497,0.1982739415656862
cat__Application order_5,-0.0004642237584200433,0.0014953950413607799,-0.0077341881653046965,0.0027410531998088355,-0.0002365238576298929,-0.013123162359921066,-0.011925122082456168,-0.009190940490224885,0.001479687729690147,0.0034495106953182186,-0.006138779494937733,0.009283777956715861,-0.010708391665844842,-0.0004554271269883885,0.010982474817321477,-0.02325650458574393,-0.013672734807386728,-0.00981120654872539,-0.0022847134783208186,-0.018758109682117708,-0.011600890031910258,-0.003971620709082299,0.01406683416808404,0.018168236181777764,-0.009258786713331045,-0.02739658018922299,-0.013852703926383318,0.009235559255453996,2.662323923276113e-05,-0.005185484516408551,0.015807750725314564,-0.0065573788081555815,-0.013238890908680193,0.006669047259588338,-0.021703566896052955,-0.0195982847675935,0.015324939894244697,0.0030024423633483966,0.004599997571464214,0.017466100261205545,0.0032321050376649518,0.04906137269441795,-0.06314188931986628,-0.033195580149257976,-0.023492398212027518,-0.002611263105555351,0.032874104591956686,-0.014282456729716828,-0.03487613496667522,-0.002518497681221113
cat__Application order_6,0.00207520507685962,0.004124361592886717,-0.002890713251686484,0.003266215755740541,0.0026225983010764336,-0.007401959355780015,-0.005056951029079979,-0.01354054182729381,0.0029575069970450775,0.0016727693163901358,-0.011620432516749107,0.009460822691084633,-0.005902808648411355,0.004471512813181889,0.008466791698709872,-0.02072843114198848,-0.017285541565552107,0.00015507673480775086,-0.012803797958285283,0.009702473106110403,-0.004796850425046207,-6.184049975011549e-06,0.00922795418410674,0.010324950535908695,0.009126057758196901,-0.021011416917945287,0.0035022940382195547,0.00021194766929386478,0.00838622712727944,0.0024022093372016544,0.025626549281026284,-0.0006753113238428185,-0.02834144030347666,-0.012546396664490495,-0.0065293307722274615,-0.017682026879177734,-0.0062090461968236435,-0.005096782394394368,-0.0125584180748839,-0.008649902571387067,-0.011662344168390773,0.0219573859275389,-0.0436498185391842,-0.02309468033390807,-0.025025636436976445,0.03807217685112629,0.0007554041952894039,-0.034603768598341675,0.02084433925536429,0.009343155280779655
cat__Application order_infrequent_sklearn,0.0003756117335471356,-2.8360947688011507e-05,0.0006906621608339473,-0.00010987929015110966,-7.653324788794383e-06,3.4618609464023844e-05,0.00015373136230781092,-0.00027312377559509206,0.0003323557616743017,-0.0006681198654839547,0.000870933125199366,-0.0005104245859646156,0.00027930718850040947,-0.00019129008646259624,0.001591863986698585,-9.75328465189128e-05,0.0004375397424554856,-0.0005706669231232513,-0.0002397282525185133,-0.00016720543394894549,-0.0008398256973734704,0.000850544508110747,-0.0005387158458970073,0.001696624185745164,-0.001321160835431819,-0.0012185255748995635,0.00237266997834858,0.0014868392248947593,0.0038474610278445773,-0.001135058203112247,0.0017886728560996615,0.0005453295495100527,0.0006973241373356906,-0.0020729750067610465,0.0009716806517060458,0.002783561204769823,0.00030973602919839166,-0.0016369904377025336,0.0003909886237045638,-0.0020182873498816693,-0.0024085397053286387,0.0026856555150858545,-0.00022906499051453082,-0.002022920271068784,0.0002348653624513787,-0.0015577882782714016,0.003202397079544294,-7.072504985698204e-05,0.0005203254702510953,-5.22163494090528e-05
cat__Course_171,-0.04656298237762422,0.04619048389898796,0.06866606854528616,-0.0033091110737597618,0.00024139139976870407,-0.01445372182065668,-0.00781823242544853,0.0007145445586476268,0.00023824376785281417,0.0034868117119319017,0.014314466272206146,0.0183630613477994,0.008974007177292161,0.00786669223048711,0.0014626330562552779,-0.008545501774869325,-0.006614637209346832,-0.007286412147307426,-0.007310991516062877,0.014764975947493115,-0.0032834656531253318,-0.005892444669571275,0.006829422602519261,-0.004564874305338895,0.005792982431058498,0.0024175118442156273,0.0003461500270188246,-0.009789973929462133,-0.004947805498343193,0.0009399562233487375,-0.00023542413021517515,-0.004569317937102808,-0.015791630491320426,0.021344369049991888,0.01697155791351066,-0.01469607823371775,-0.005586230449616483,0.015234995169363424,0.0015289339339084932,0.005409524523169101,0.007186230168814788,-0.004926383027329421,0.00595375423590158,0.014614163887541557,-0.006716726540674123,-0.028505094274838733,0.014199253676121733,-0.0007383262494973751,0.0001194780735764428,-0.0026990102018027186
cat__Course_8014,0.004896926008000254,-0.008865791786526992,0.008875168959951218,-0.016499731213995117,0.011451301263940214,0.0071148827841839846,0.021845775525897903,0.044998590772988435,0.010911889297857604,-0.02053194168186976,-0.02697886647624614,-0.018819043097485638,-0.007997103062585675,0.013285012651371922,-0.04192559755313214,-0.024766939598325984,0.04770648088537499,0.005375104450929885,-0.015300913388182302,-0.0275704041514231,-0.014528027899377575,-0.004095922816862907,-0.05321398791145047,0.03299092535524334,-0.06450012453150566,-0.023811008748461305,0.10513358256914904,-0.0841467247258948,0.07845996334121119,-0.016007722192276995,-0.0006895187877765035,-0.004966829050175842,-0.0887322619455269,0.03904229247932883,-0.12738318774936783,-0.03296550991486986,-0.007223537755165817,0.004089972018816805,-0.04567894391556574,-0.016456177943352655,-0.041019705398053066,-0.08342102500013439,-0.02109272423363872,-0.03213394561965881,0.038951413475844264,-0.020720042342584913,0.08406494619513238,-0.06543272504590057,0.11167001415809999,-0.13341834606106687
cat__Course_9003,0.007731200108293492,-0.009950421987953182,0.015760959933725113,-0.012863701609827643,-0.013034873726563864,0.024133946437486585,0.022576407490099457,-0.004859607165570289,-0.012663199800915086,-0.0022230967908778492,0.045402369678349125,0.007537461896340505,0.03216285311717622,-0.020619666434483163,0.022469456144861382,0.015327115654100488,-0.026507343642471124,0.014993812653608057,-0.006862951420064012,0.01241051329072303,-0.0015716861441449027,0.0005579724924187073,0.04362850488973596,-0.00823922728352271,0.015230576775780956,0.022983350042712722,-0.0075128868490111494,0.059960873392295395,0.03241551030011366,-0.015327933174685997,-0.013260043862698296,0.02708569733904307,0.08342567101541931,-0.06536975963882428,-0.04079408957942119,0.010290282891780954,0.011316317643047056,-0.007375167980227401,-0.015674018818050854,-0.020595683060146513,-0.019029046559057634,-0.039647193301045644,-0.01901916632369261,0.032170034344189816,-0.1017899881894907,-0.05179527510012351,0.02127448261419348,-0.0010471314347479197,0.04743718131073279,0.03607039419644516
cat__Course_9070,0.005158344212359419,0.004131369499748067,-0.0015061593742376478,0.0037734922182335318,-0.006764597785263428,-0.005661598866044959,-0.0026180879594284788,-0.005495523604625076,-0.0023363141781481975,0.009790513870234357,-0.024666296525711395,-0.023445680031460366,0.00720043204968508,-0.03491479034647952,0.015216719114918216,0.018025996793226785,-0.014363744516785822,0.03207593346075641,-0.0036673519214111567,0.016753117782658897,-0.0028239056622651245,0.00849177629980964,-0.01977083674819748,-0.02555892345406713,-0.0024283004425661014,0.008783383260484562,-0.05378900759397936,-0.03919979018770697,-0.016607946518740598,0.008255966144198778,-0.014470172569465088,-0.01983790806632789,0.016012477795856284,0.008760695259627662,0.0076577228566362815,-0.001864564731750409,-0.04153574978977504,0.0012351057508366865,0.013656055281877914,0.014253023622836751,0.03751377824562896,0.017946656607659428,-0.01959945288281876,-0.009619808691754472,0.052551540693327146,-0.07565808932298855,0.04840877074314176,0.00032148834273299995,-0.056865757482235664,-0.0036548126397439344
cat__Course_9085,0.0009535328000073281,-0.00801170788302881,-0.006871738638406058,0.021171833709109845,-0.019942039915347216,0.0013208822682021656,-0.021466607975498164,0.011611760706409353,0.0022265470839689903,-0.0308864407336497,0.04250995090116108,-0.014184258086154436,0.016256428362867174,-0.0008163709886908234,0.008229978526500831,0.016361590938210033,0.07837375951137882,0.04704538308683283,0.03164028919009284,0.0074805977216610715,0.01938280836820477,0.03324284645286646,-0.026904241990771217,-0.015892619828860595,0.041389965304072594,0.0419618065303368,-0.07629296885477455,0.001768630834257351,-0.017878022934702288,-0.024955603030287928,0.012024687423497632,0.08404434628848825,0.049345007471837725,-0.035445954708923914,0.035232770930087684,-0.032944241153416806,0.09781631103971537,0.013517228614098892,0.04093813194593555,0.08647514126783214,-0.022803455917364802,-0.060112157821598476,0.03437288521182916,-0.12591892153087458,-0.2449139210119413,-0.18936752969015508,0.04660682133703955,-0.009321783406118795,0.10037454711521432,-0.03532513483125936
cat__Course_9119,-0.004535269306518029,-0.011309842903726946,-0.007278563453203072,-0.0020157134299079735,0.005305255960530085,-0.002846800327149819,-0.00954633551256995,0.007458026391906956,-0.0018338179300765641,0.020490585433481937,0.03131484232823856,-0.007769338276910226,-0.01749321963116837,-0.035974931856526844,0.019541303297842778,0.01644824105468704,-0.05045526503179386,-0.0013361781931384366,-0.00152943373991477,-0.040167481564312116,0.0048937917736315605,0.007328150878186676,0.0019032751712714218,-0.0021855019717496975,0.02303065842119904,-0.008040359919690064,-0.009035595760832352,0.006124276633653544,-0.03827069759251467,0.007796109916181789,0.03155862592380218,-0.019681262682216278,-0.002022550887891373,-0.00784370679745051,0.011144584018049047,-0.005952015986113578,-0.03694516952585589,0.03022057355744887,-0.01775374708541679,-0.011851724851775816,-0.0008273645354798798,0.025724650859785828,-0.031199723895465485,-0.03103286173814652,0.0182612412840039,-0.03846296233306019,0.01882063048768709,-0.019195049474186494,-0.031076822932972845,0.03845895998957504
cat__Course_9130,-0.0015700053991173893,-0.00955839764241382,0.00029955600197821276,0.017040256095639066,-0.0021299161046834593,0.008912090460733473,-0.007988386643662967,0.0038849373406902505,-0.0011047059487565459,-0.009814624585979918,0.014484412965664174,-0.011762709813928896,0.007336666729468596,-0.013385805314988338,0.004816479291896376,-0.004878862817738268,0.007177912934556232,0.006573775059043994,0.015047956720640174,-0.017973860429341612,0.01941458704416467,0.004857901718283301,0.0028451926470663413,-0.02796577061431926,-0.0020375449854655916,0.030046499221798285,0.0015321496932040254,0.004557250029222722,-0.04177490990958748,-0.019960471789666763,-0.008957016274478861,0.012476781030501096,0.001741798496249971,-0.02526241033194886,0.004159801269973866,-0.02290930690689539,0.0006287931915739415,0.018496237659774824,0.0072491174000734425,-0.004487622711085389,-0.023616902516635858,0.00651531569285636,-0.01297730563939423,0.03443942834089911,0.015403265747545272,0.000994997240997721,-0.020445436476446283,0.024175885430502524,-0.011009707748210636,-0.01332704371853145
cat__Course_9147,-0.002669013670619692,-0.011020162798509847,-0.012803123497380853,-0.005658685701867841,0.0037886597915226224,-0.019129634592138678,-0.00945105152606414,0.00038395434461387356,-0.0025984411368510036,-0.010083035803960977,0.028135845659920385,-0.0004647162655501633,-0.0135639521789432,-0.01385969661461955,0.004319812633376257,0.051598113075124886,0.0022779945552191647,0.02238455836021501,0.018963091121485264,-0.07034142073030696,0.051852291559259925,0.022296050285133828,-0.06468226775698457,0.026779063148203046,0.021767508359337308,-0.04576107653297271,-0.1180208863869242,0.03772555945028025,-0.023808661490818193,0.08151854268050626,-0.01784874325465443,-0.026659036530774644,0.05216257974428528,0.04854359038604366,0.09404669646085612,0.04778127891247566,-0.036013614144770514,-0.05504562031253977,0.046954499516884726,0.024542963606167964,-0.01203870059043282,0.39766517439612054,-0.03545757911040806,0.04479953264360072,0.020966007123686764,0.47972849378283483,-0.13997202081991342,-0.09328797216206865,0.34331091314638473,-0.13032279501164493
cat__Course_9238,0.005837264295432371,0.007339591266016483,-0.009927587735549437,-0.002545734560174594,0.0013863201628119888,-0.00486035912469579,-0.004834357675017891,-0.013933255809979592,-0.01996263651361381,-0.0045746337140892,-0.010975517612865818,-0.019598912557433866,-0.008946984131034025,0.024101533953819462,-0.022366896292107426,0.05140503294296718,0.06558693517672688,0.011733843838526468,-0.015435557611416193,-0.029297486223997943,0.03682657682698997,0.029358998743408575,-0.002193929351984895,-0.011330176257584852,-0.02018417082174355,0.007142060487009036,-0.019278230551498323,0.061122734735870876,-0.016336953461982807,0.044311997988931436,-0.13089710415141947,-0.023520148859466655,0.07704903919865866,-0.07078506861018918,0.00662395202142179,0.05397669023576929,-0.001775687084542692,0.03544262033371906,-0.10558901401690939,-0.0029192091039089638,0.030584421079878316,-0.18602699475883447,0.04031736455870765,0.014313172982652106,0.2718276517206895,0.11372063051715382,0.1676778105688762,0.24669994561463646,-0.2508888216647646,0.5896966889759796
cat__Course_9254,9.2688603813119e-05,-0.00568954302443469,-0.008874065156856039,-0.006245828071419876,-0.0036142636275908833,-0.02033687903260027,0.006174464137109352,-0.005932601269491907,-0.0013744744989517817,-0.0015594548343627066,0.01513888736976732,-0.01448255846970033,-0.01178430807265183,0.015483470946017125,0.009177097839177528,0.006285262004842336,-0.014801295302132773,-0.003813968847409802,-0.015044000608824423,-0.0010268894937392314,-0.010245714082147278,-0.010965847234714892,0.003042144634731932,0.02187185994982705,-0.006065236159595019,-0.011380662714909184,-0.024231255034612376,0.007162221987613113,-0.04295155033150603,-0.006263549124062863,-0.043700318576075634,-0.012594059050543014,0.03781815675007426,0.007844769308362979,0.011906340732365957,0.02441192260732227,-0.017307615680669224,-0.04597015208156382,0.029075170172175147,-0.0037723533192156617,0.030929832230071133,-0.01603123554131505,0.09812058446466412,-0.014115487299613746,-0.03026707815726298,-0.04106496794366665,0.008088983761607375,0.011452366165259069,-0.12226795352299005,-0.0857152687066384
cat__Course_9500,0.02583546885717916,0.024363612662967868,-0.017657261340281193,0.028525473970116014,0.007110171021166961,0.028724104786004984,-0.01102788687727963,-0.07173328099902802,0.0015087217131821956,0.018953018090007174,-0.09768132918772778,0.08791825740674832,0.034465226386137804,0.09321682874285481,-0.03846526006508524,-0.1457417897731769,-0.12522322233249444,-0.1309015150981084,-0.04063907611175653,0.2451625271909835,-0.11266919034007952,-0.10987083018952054,0.1717762663769186,0.0021209924480475595,0.06552271172028831,0.033449168263527444,0.11989980271325634,0.08834869575140376,0.008630362071300246,0.017827631620820086,0.22977928304610473,0.06081415558538232,-0.16681251708810996,0.009992157214601467,-0.07495783202359177,-0.16758244973345982,0.005597663050982457,0.05486547283860799,0.024495296084205073,0.018829176638101006,0.0103374191275304,0.11885539148378266,0.012470960185442474,-0.022591225320992638,0.047386520091584915,0.23342463342131822,-0.09958309961261028,-0.045564484476609005,0.1274810676551496,0.01307479026414576
cat__Course_9556,0.0007185174311977324,-0.0021477775218365796,-0.0015971682038721173,-0.0008101564434016507,-0.000859064047621297,0.0005039632095230185,0.003894763950747004,-0.004002332940756952,0.0026038668626001214,0.002994457687567018,-0.0011720758887449195,0.008982245896973776,0.013274249078600971,0.005373068580354699,-0.002477282978251964,-0.008010796054716924,-0.0007550463827790759,0.004051959492776787,-0.006756176034666039,-0.0011631663703173215,-0.013923484174307776,-0.0025268564425269084,0.004742588687606365,0.006292859836695707,-0.010530263306896598,-0.007654954169433003,-0.0026585283982498193,0.018241358810073452,-0.0032422539877470114,-0.008733558160614094,0.01150932734412599,0.0024377835959794193,0.013228766816757567,-0.0014476644112747517,0.016670534191594377,0.006199883792224692,0.008871992137547684,-0.0026040923565226106,-0.004153710491782297,-0.0010612149920258256,-0.010948668810227987,-0.015213593477958212,0.02425991521971156,0.0072895864719551805,0.001274122110677877,-0.015700418052976433,-0.012083822232821848,0.021532797730705995,-0.014344337148846972,-0.0017468376821628737
cat__Course_9670,6.122202657483342e-05,-0.0005055097490637362,-0.013797365787964318,0.00068076596687655,0.005090655122990867,-0.02015381415092445,0.0042022990213352795,0.006886842979225447,0.002467456820624799,0.014079083481510494,-0.0012048612739401973,-0.013964163307220012,-0.01072792514869895,-0.039624194279385856,-0.01560381394497769,0.01365215271852201,-0.013705275709236723,0.006965715525437259,-0.0023491571317168915,-0.02519974165879534,0.006202560717767661,0.012303392824246005,0.02320828862165373,-0.029146798409792615,0.03506690513088304,0.007876608136011112,-0.009360342340032923,-0.007014677974319806,-0.05371088643252528,6.721195179881095e-05,-0.01581271201868253,-0.015761299922414637,0.007104967491166396,0.010379566018044125,0.03885924389048155,0.049426873230370844,0.023822637873325045,-0.0057182559908257186,-0.022785802820078655,-0.001705639260817014,-0.020295224859848405,-0.11724954400591031,-0.047050490389395884,0.0298227315227753,-0.031180415917000354,-0.014891868849616878,0.02374807339382036,0.037473868728291115,0.015899591532169553,-0.057128121896531686
cat__Course_9773,0.00039634255016798885,0.006139513647548273,-0.018991519044061576,0.00045026516723763155,-0.007763341953762059,-0.007449170313173271,-0.004973787293900678,-0.014474313654942707,0.0016823634187339755,-0.0033024624963779166,-0.018801149941546053,-0.01491392886660135,-0.008219209208854009,-0.021924468071212663,0.034529537522683715,-0.005367592180346694,-0.008369340505907933,-0.004802620138189729,-0.0035414206874795446,-0.019226248999898346,0.039397117092801616,0.018278611827177018,-0.009149555351809807,-0.021339010721498835,-0.03613017722845125,-0.047192052853001015,-0.04716715599186226,-0.013586309283012951,0.013202231403391329,-0.0062589380236348115,-0.04465212707698352,-0.02901712960152076,0.04815018712451384,-0.0009846456343000007,0.029022199926894792,0.05196129321922202,-0.03315389955007686,-0.0647688624213558,0.029449719801802735,-0.09048560482820925,-0.020035117379098515,-0.11658276975808421,-0.11360989566672737,-0.007787144517320221,-0.013876075056386964,-0.285174770637502,-0.129224121623991,-0.13050795460572434,-0.12473046226141551,-0.27508913669755963
cat__Course_9853,0.00440693802269613,0.0003401804855568904,-0.002561250860212011,-0.0048352970364628775,-0.004996852671637238,-0.009141601684717197,-0.007649751450382823,-0.009536195841910634,0.0058150818419141544,-0.001531249759603214,-0.004884013315100148,0.009324789668876269,-0.012703384798608655,0.019787765263770664,-0.009899251892352499,-0.011736032550949526,0.03978829679709638,-0.005641279306369052,0.01852893009494727,-0.023879725751903617,-0.01504848781286513,-0.024254727664042085,0.00446628087101323,0.005692656993798253,0.007284484312414119,0.003290918034250658,-0.017433888714123935,0.03224874608976383,-0.016125929843008695,-0.0038607829259756643,-0.03168933240952152,-0.022435477503587212,0.011514942070061363,-0.006105867574615828,0.033123334699232024,0.024484291373208573,0.002381875821145747,0.028453932548658273,-0.0024374256115511405,-0.011618286598073235,0.026269317482475234,-0.01631173435287643,0.005159197721944821,0.03721793418536133,-0.0038249417066083223,-0.07298131135759545,0.020325006865406198,-0.0437611668128509,-0.05051543626301532,-0.04543946574601996
cat__Course_9991,-0.001462631102390248,-0.019458378251414055,0.006007778199917885,-0.014929674991226074,0.0250099995683608,0.034642637914099314,0.028592380511330815,0.05318125191763166,0.01687175028164326,0.01150977404095255,-0.007046928373914206,0.008809835533188896,-0.028523288593162686,-0.0009561382933289943,0.0108762736111319,0.02035597450201966,0.02384875806427683,0.0073507686674342074,0.03284386259983846,-0.04052253212922669,-0.003939446337696715,0.022553509188129275,-0.09203249134932236,0.056520276430685065,-0.07222571803333623,-0.013787574016074465,0.14951392749626502,-0.17266699433847046,0.14235185264470068,-0.06205743158658083,0.03662558437944929,-0.0058999338856889,-0.12512883604002775,0.06862376810127761,-0.07076711102400006,0.009932010993488241,0.019602410315739754,-0.020142255601311186,0.030646736068174803,0.019374787815903516,0.03364147562971345,0.09132411990117965,0.076048886500202,0.03319284033401232,-0.029233727200260164,0.011106756879051598,-0.04764958356411854,0.06681466682594679,-0.08242824984869908,0.10564769102951305
cat__Course_infrequent_sklearn,0.0007114569405477174,-0.0019872179119168453,0.0022562714511657916,-0.0019284529951692669,-0.00027880445862275854,-0.0013189279481324082,8.83947027334271e-05,0.000847202274191552,-0.0024523310810650183,0.0032026960850858135,0.002110263420489823,-0.001530342977481831,0.00028951192447934995,0.002961689831039918,9.881168726275324e-05,-0.00041196493357682594,-0.0039649672916807896,-0.004768880865037987,0.001412900444490742,-0.00020277443025733033,6.367472318917315e-05,-0.0016625816924207952,0.005505345958003902,-0.006045731315765481,-0.0009842569454740322,-0.00032361686580449633,0.008355133977008156,0.009144122724433087,0.0005956982407590745,0.0027085734819997185,0.0007150049949910236,-0.001916360749575463,0.0009342024779956139,-0.001286130109750757,0.008483481465276601,0.00044963940436085377,0.009503502907395604,6.82682530213103e-05,-0.009920997445683723,-0.003931100805400221,-0.005848287397913106,-0.0025086778962981203,0.00330279004313796,-0.004660029994626019,-0.004818888467734832,-0.004653181936247065,-0.004256695313124945,0.00038557482962931654,-0.0021652441181764016,0.0009174487373040949
cat__Daytime/evening attendance_0,0.0034342949056100046,-0.02832417003794107,0.014882947159869105,-0.031429406205221194,0.036461300832301,0.0417575206982833,0.050438156037228725,0.09817984269062012,0.027783639579500856,-0.009022167640917195,-0.03402579485016037,-0.010009207564296746,-0.03652039165574839,0.012328874358042934,-0.031049323942000204,-0.004410965096306302,0.0715552389496518,0.012725873118364062,0.01754294921165614,-0.06809293628064977,-0.018467474237074306,0.01845758637126635,-0.14524647926077278,0.08951120178592836,-0.13672584256484172,-0.03759858276453568,0.254647510065414,-0.25681371906436534,0.22081181598591174,-0.07806515377885777,0.03593606559167279,-0.010866762935864818,-0.2138610979855547,0.10766606058060645,-0.19815029877336787,-0.02303349892138165,0.012378872560573875,-0.01605228358249442,-0.015032207847390813,0.002918609872550822,-0.007378229768339635,0.00790309490104544,0.054956162266563226,0.0010588947143531438,0.009717686275584149,-0.009613285463533294,0.0364153626310139,0.001381941780046074,0.029241764309400703,-0.027770655031554396
cat__Daytime/evening attendance_1,-0.0034342949056100085,0.02832417003794108,-0.014882947159869108,0.0314294062052212,-0.03646130083230099,-0.04175752069828331,-0.05043815603722874,-0.09817984269062005,-0.02778363957950086,0.009022167640917213,0.03402579485016035,0.01000920756429675,0.03652039165574836,-0.012328874358042939,0.031049323942000183,0.00441096509630629,-0.0715552389496518,-0.012725873118364052,-0.017542949211656122,0.0680929362806497,0.01846747423707437,-0.01845758637126634,0.14524647926077278,-0.08951120178592838,0.1367258425648418,0.03759858276453574,-0.2546475100654139,0.2568137190643653,-0.22081181598591199,0.07806515377885778,-0.03593606559167278,0.010866762935864832,0.2138610979855547,-0.1076660605806064,0.19815029877336776,0.023033498921381623,-0.01237887256057389,0.01605228358249438,0.015032207847390844,-0.0029186098725509095,0.007378229768339753,-0.007903094901045344,-0.054956162266563253,-0.0010588947143532479,-0.009717686275584309,0.009613285463533388,-0.03641536263101375,-0.0013819417800462475,-0.029241764309400665,0.02777065503155426
cat__Previous qualification_1,-0.0063827499474640665,0.04098067994774107,-0.04321479526325878,0.023967235946264785,-0.0034854390659320987,-0.07271691616556286,-0.027717614184564175,-0.07691296642707467,0.03032512009553843,-0.003472481025721961,-0.040956933123093155,0.017013167854451533,-0.06264926832671713,0.0576787153717236,-0.027037729971343592,0.018594050608104803,-0.09100429274400408,-0.09598188594025268,0.03379738668318889,-0.009098851566809122,0.012575345555795772,-0.01144202208059246,-0.059245773722824115,0.04171032045570172,-0.049899085196388665,-0.1580336873533863,0.06878202752891516,-0.014646366641856617,-0.04252991081920647,-0.060161635045427465,-0.20132220652847949,-0.17913898040074833,-0.21167436009855384,0.3883752529891958,0.4267730513975431,0.1010879566364413,-0.04072686827149699,0.05362725518595141,0.04452579925405634,-0.008691197674181469,-0.00690360440911085,-0.07796339892270059,-0.04196074005915631,-0.05813711846069606,-0.007451256100905704,-0.01794493545034321,-0.039032996048078375,0.022693039642206272,0.06088125747759586,0.13683978293825472
cat__Previous qualification_12,-0.0009451325842165845,-0.004422704377226148,0.0024382099718853654,-0.0037661681985603343,0.0060704595407495236,0.006293746490111008,0.0020604582653337843,0.007796421275898168,0.002764721541812104,-0.002587242301562781,-0.0022295071444880217,-0.0005238027768636971,-0.00236218731246798,-0.0023609513907716204,0.004484531776474577,-0.005442224987417314,-0.00339571385633471,0.001140168874533767,-0.004547577682208079,0.0002200716427843176,0.0012498886751613827,0.003911884320887082,0.0042006127590784445,-0.0005123763568083677,-0.0020180993692911764,0.010198106566578175,0.002998128116631093,0.005158123624025179,0.0017650015075409836,0.0027496615609309966,0.004718316017759995,-0.0025476682734449055,0.02162658145777753,-0.018966790507428645,-0.013141646529115217,0.0013615603850426206,-0.006689336765693128,-0.0019110015352904238,-0.002764866548278999,0.008321972362047706,-0.011110895601567475,-0.004121762287387833,0.006925779266490961,-0.007074253796888374,-0.012327066838519751,-7.996667464665527e-05,0.02142535817093163,-0.007507485457604783,0.024000743099538906,-0.006652778358495769
cat__Previous qualification_19,-0.00269657395099762,-0.01736282883392674,0.0044358915509084456,-0.007032554342169629,0.008946079548281706,0.010276242229395736,0.030001563288689182,0.030465255781843024,-0.00243072459743283,-0.005822893866419634,-0.005471127752116197,0.010852817659553145,0.01587822469820133,0.013672546514994574,-0.017065175981559006,-0.02882821129267621,-0.01769086956163989,0.004288837893656678,-0.024232348091582236,-0.011715939644698756,0.021599553310103027,-0.00614219249289024,0.04038237096524902,-0.01944538412200712,-0.0031412280740009645,0.023269863750644645,-0.005001705184079186,0.019498602787892755,0.011907915825047844,0.011553223027597037,0.01980246485964046,0.019508673569236763,0.05370232185285094,-0.06634426073377211,-0.06331308119185543,-0.0041569220799987025,0.014409931346203796,-0.0003301350018264648,-0.07047077372000846,0.054317432006257355,0.030807089318810293,0.019003338170493357,-0.028417724709050966,0.06238480836249019,-0.05047700660326117,-0.07888629869263339,0.05042172380401826,-0.004344153432722271,0.03158409077515208,-0.05061028301109598
cat__Previous qualification_2,0.0019219627568542988,-0.0024158658767986334,0.0073139217317717605,-0.00469474189663071,0.005756254896506398,0.002865186407350249,1.3058857491106445e-05,0.003577741362220364,-0.00044089999243570883,-0.003219259796437885,-0.0056918964402130024,0.0006682450899444288,-0.0013242442270890648,0.0001477256053198371,0.0034752427718008697,-0.004051476548137059,0.0023539318743154977,-0.00184003825952694,-0.00045054907215632016,-0.001272840454658156,0.002302243744729298,0.00038373277699454587,-0.007200276314281849,-0.0028914023373716926,0.00411264847498387,0.0064067879673158044,-0.017394146984436386,-0.0044117165056764,-0.003060103983452124,0.002883578630023649,-0.0004923552895803943,0.011285704003644457,-0.0055243752928521295,-0.010596874487051306,-0.006254441303532269,-0.0229249261451721,0.00594880357722924,0.005476436235973908,0.0016481418013604113,-0.006414601396245348,0.004606837747136315,0.009811859341213005,0.008888928085356565,-0.0003854864402531577,0.003732495479467331,0.014821864980472065,-0.010386852126823143,0.010580709623897254,-0.010664263901051574,-0.017398941163694934
cat__Previous qualification_3,0.0013554370705660442,-0.011723744878730248,0.011311050140430582,-0.0022448889589393485,0.0022725815289521686,0.01570580573153332,0.007754767921093762,0.007381539652401863,0.0016852561506113532,-0.0009956384438809893,-0.013392392736836688,-0.004571060596342544,0.01706484421489945,-0.018048304763024627,0.007131138067597022,-0.006264608457802864,0.03389221840991158,-0.00886010551966197,0.008232516276499955,0.0035937633713424635,-0.0035819154814996706,0.000868150583323098,0.010575353175004232,-0.0012008211619897024,0.022402251887467077,0.019866340377930676,-0.015419265475586058,0.008633700967590946,-0.01673498991747231,0.018724111892793112,0.07409112063546719,0.0351822318988778,0.047858283574083074,-0.05863839674982441,-0.033303855036423975,-0.02827377864317735,-0.0007103472956034723,0.006535176869631568,0.04593128164542751,-0.029060225567467842,-0.006790271603004695,0.07045974265746685,0.02634301757978328,-0.009601116072263844,0.07593931957037793,0.10542670571368462,0.011328334180506335,-9.020960314120446e-05,-0.13690972646586183,-0.09637738911661152
cat__Previous qualification_39,0.0017275349305195748,0.0012323788911809226,0.006207433357153786,0.0013448333201219024,-0.019910972105088177,0.029704767058401197,0.004686056833570698,0.004777436949673789,-0.031632954215327906,0.013039562405320806,0.06139279645024176,-0.014128079405149855,0.024840285177257098,-0.035780942625836615,0.03925178462268232,0.03298483481918301,0.05708208101811306,0.08783792955986382,0.0005605959821457372,0.01587813382560259,-0.035630054559658064,0.005404412916673117,-0.00339729539338441,-0.02088116199480418,0.0364850649440842,0.06207911157566884,-0.05783191920040355,-0.022684322187187213,0.047827921862845665,0.01743085101613305,0.056301911286572456,0.0967810811281457,0.05137047811906228,-0.17040033879275285,-0.26187796238496597,-0.04214885188692254,0.03573962164791296,-0.0327358322133616,-0.01895544298410603,-0.013594692003859842,-0.010568144550368488,-0.021789427030322554,0.013977584148758658,0.02787278358969235,-0.02189301337498256,-0.06351710206131704,-0.05368286766502184,-0.00033902358082909395,0.05980953524519833,0.09769957852663629
cat__Previous qualification_40,0.001974030893396095,-0.00031101014366393727,0.0034925148744389986,-0.0032392763139410113,0.00037191991660724644,0.0034330758322635106,-0.001371451982976586,0.005522236016746151,-0.004211619719138625,0.0015838269798937991,-0.0016490541964967152,-0.007576716195467931,0.00532416477417892,-0.005745223814244884,0.0020697515517829335,-0.005360347513454506,0.012643894947578662,0.0005280214443329221,0.004300704747526804,0.0017604745614102344,0.0010883435809829626,0.0033862832384521264,0.005461290383780983,-0.0011132407680300022,0.0038245433134552983,0.010756794641903874,0.006484601872908658,-0.002612580493628308,-0.0008708603360043747,0.007893316881176188,0.02296111995468131,0.0035981829161786816,0.01168228658329721,-0.013140076407671647,-0.003219743642289906,-0.004642671575392453,-0.000405192333199128,-0.0045582261054442075,0.002141100686240062,-0.003464230506158227,-0.0015470687591097442,0.012959388370990334,0.02103280400677159,-0.016741323872292754,0.004721251580927973,0.023578574548425293,0.00841948951825906,-0.021648412038389728,-0.013279322564098348,-0.016465411262821694
cat__Previous qualification_42,0.003263469627992999,0.00026663448378505056,0.005213934472434838,-0.0041295348257124245,-0.0005546517720991594,-0.0010700041319364943,-0.01292304602891805,0.005422657693303497,0.00045396819963014576,0.0030093630373781623,0.007577010246526864,-0.00176068029906859,0.007071997664305261,-0.0031216617724334123,-0.00021449897474814803,0.010886795725546437,0.010587081209213815,0.010952291222880106,-0.009206485527981347,4.1319868384883914e-05,0.002615655497144578,0.001378102255744261,0.0104757724685952,0.0028525899814932816,0.0033832914760998454,0.004203278044502209,0.005377954816169461,0.014181945583832036,0.007709606241460551,-0.0016953016862271096,0.002409214141772569,0.007868068947254012,0.004919879078349966,-0.01945057474032196,-0.010289389536779648,-0.011546944154291642,-0.003348356954826365,0.003472373435453736,0.004315871356368864,0.012673627620881808,0.0006072423502591056,0.007937256132922208,0.005807669169029533,0.011234308403743735,-0.017737790928192037,-0.0056984689218678615,0.011545982541405514,0.01217299624782973,0.007620401071684228,-0.009240783058214921
cat__Previous qualification_infrequent_sklearn,-0.00021797879665072186,-0.006243539212361317,0.002801839164235038,-0.00020490473043325688,0.0005337675120223697,0.0055080965484442315,-0.0025037929697197822,0.011969677694987756,0.0034871325367430723,-0.0015352369885694673,0.0004211046964752582,2.6108668943507796e-05,-0.0038438166625678646,-0.006441903125726819,-0.01209504386268708,-0.01251881235334625,-0.004468331297153955,0.0019347807241743946,-0.008454243315433376,0.0005938683966414714,-0.0022190603227592847,0.0022516484814083587,-0.001252054321217562,0.001481476303816208,-0.015149387456409551,0.02125340442884196,0.012004324509880846,-0.003117387134992324,-0.006014580380759577,0.0006221937230004715,0.02153041492216563,0.007462706210855697,0.026038904725984933,-0.0308379405703726,-0.035372931772580614,0.011244577463470934,-0.004218254950526865,-0.02957604687108792,-0.00637111149105961,-0.014088084841274212,0.000898815506955546,-0.016296996432674814,-0.012597317487983492,-0.009552601713532383,0.025493067215087973,0.02229962655822597,-3.81723751975635e-05,-0.011517461401246078,-0.023042714738157357,-0.037793775493956246
cat__Nacionality_1,-0.00010991667675534631,-0.00039337070957176765,0.001836344428056652,0.0015148384500387687,0.004621655531546043,-0.0012426007195750536,0.004961744881918352,-0.006819614897271454,0.0012814711997846061,-0.0016059620775844602,-0.004934157500444753,0.003683637989208087,-0.010461109403015733,-0.006084593403834911,0.011883580989789137,0.00297645373740429,-0.01249859196356457,-0.015148227039125798,-0.026618383573272862,-0.014294878528168627,-0.014985789234066953,-0.019708545909021942,-0.028587075127096465,0.011784659805238892,0.029156925839228146,0.014988652258535597,-0.00941863709007277,-0.021284229564698193,0.03914945689330712,0.0034085766898355394,0.0236132982370104,0.010835455042428915,0.01031211479011295,-0.02749451197583639,-0.0212730026344424,0.0033288706358910554,-0.010146891329485295,0.03689408645808235,-0.024395746944075196,0.024765891569740624,0.08579559951534232,0.006183390834202919,0.014749265080690986,0.13155000891573454,0.01984503208441029,0.11757533601099643,0.3403521602228226,-0.15625997644167408,-0.06700258732467891,-0.00183903246260682
cat__Nacionality_41,0.0004201249786052493,0.0002682319765103489,0.00035674908741485564,-0.001436091683627024,0.0006216063974951716,-0.0031851296991988786,-0.0007637266903648772,0.003987361684120161,-0.00035014910308377536,0.001192742270827334,3.3537059864343525e-05,-0.0018869610508518754,0.00524349515626521,0.004029803568928612,-0.010501954490146969,0.0019867654125627753,0.0021093682482734885,0.006722519001971356,0.011371687234084563,0.0028900953675659604,0.011891727026878287,0.009690294001301605,0.01093429469022671,-0.005109702521285346,-0.012334191328493668,-0.004294324575967597,0.005662139623954038,0.010519710748689055,-0.012892210205492902,0.0008587366717014962,-0.007880083971892247,-0.012695557285434594,-0.004286821946722063,0.01028722277816689,0.006582309756740443,-0.003448160117310156,0.009691182012939116,-0.008806126557680843,0.017631398224626053,-0.012836448149933639,-0.028419130380033415,-0.0022617877003315336,0.0007264923202275377,-0.028366259744336913,-0.010764385569210872,-0.031993941219379256,-0.10490037068057707,0.057761838957460114,0.0260791862752149,-0.004601766639302567
cat__Nacionality_6,-4.564561389830792e-05,-0.0011016575252669708,-0.00021642716358213356,-0.00017557220974817313,0.0002999100436301152,-7.645171880273147e-05,-0.0008332031316728717,0.0018243843504316623,-0.000690046121048173,-7.4403349326928524e-06,0.0024692953372329562,-0.0018306193359012817,0.0029786250553898905,0.0023041631762152,-0.0012825083485903134,-0.0026165097401631408,0.003223772891662925,-0.00029363557021621554,0.0023069584220630195,0.0077773221515766,0.00030096755945565896,0.0009963214568348387,0.004259122720974941,-0.0020373604080253472,-0.0018633498681111665,-0.0005175149282112164,-0.004348660521516043,0.0034687767836252548,-0.0033484959410360737,-0.0008593118725123654,-0.003518351995691253,0.0027061158337034034,-0.0013956074326588372,0.0016760377848860264,0.0015531921310614574,-0.002720149251682201,0.002208275185440929,-0.003624421768280919,3.755671047590077e-05,-0.004272999136742905,-0.018549372157117563,-0.002394110094708161,-0.002197257860298417,-0.02408979018374948,-0.00910167058466887,-0.017826115235003118,-0.05937766952326796,0.019083259708408712,0.005583225392503589,0.005314517335667912
cat__Nacionality_infrequent_sklearn,-0.00026456268795160793,0.0012267962583283913,-0.001976666351889384,9.682544333643029e-05,-0.005543171972671357,0.004504182137576673,-0.003364815059880605,0.0010078688627196402,-0.00024127597565265382,0.00042066014168980263,0.0024313251033475053,3.3942397545049216e-05,0.0022389891913606372,-0.00024937334130889055,-9.911815105187267e-05,-0.002346709409803944,0.007165450823628155,0.008719343607370603,0.012939737917125275,0.0036274610090260913,0.0027930946477330303,0.009021930450885476,0.01339365771589479,-0.004637596875928199,-0.014959384642623292,-0.010176812754356772,0.008105157987634788,0.007295742032383888,-0.022908750746778197,-0.003408001489024648,-0.012214862269426955,-0.0008460135906977794,-0.004629685410732019,0.015531251412783487,0.013137500746640524,0.002839438733101326,-0.0017525658688948165,-0.024463538132120613,0.006726792008973281,-0.007656444283064105,-0.0388270969781913,-0.0015274930391631879,-0.01327849954062009,-0.07909395898764819,2.1024069469455925e-05,-0.06775527955661409,-0.17607412001897751,0.07941487777580519,0.035340175656960404,0.0011262817662414442
cat__Mother's qualification_1,0.0018669970831371855,0.014780901684713365,-0.012194457153567274,0.013549381395248875,-0.020447714367419444,-0.023873334622650417,-0.02086064098846069,-0.04292491356087394,-0.02877435440866881,0.028847635466076386,0.050365783077616404,-0.07261481375608275,0.06386093940474752,-0.15299706464431742,-0.07961757986193857,-0.051195115186328875,0.02489502992614369,0.03748829405342615,-0.18129196590442487,0.13531742881339973,0.04641468869792727,0.5233464152222846,0.06800426742831492,0.19328074796495132,0.1645861658657817,0.06303625139189217,-0.029652300901882714,0.08051651980444863,0.17677968823685705,-0.03853882417041486,0.02402784703507195,-0.17509353440149175,-0.08416848986589139,0.0041633323778728915,0.025948560435129636,-0.16877539380804207,-0.3990459264818013,-0.10640501666289948,0.01979181301713341,-0.03073364924410312,-0.1462635840874452,-0.0006221005205572783,0.041090823965917664,0.1197405699670075,-0.10099805417882085,0.024098980592494698,0.009608245922046899,0.0532368839667194,-0.002642280435452119,0.08062187145358897
cat__Mother's qualification_12,-0.0011146684727889385,-0.0011121229225098269,-0.0005799813611553715,-0.00028374275301411235,0.000517060918189175,-0.003929085719275232,-0.0033982805738321906,-0.001102753780038246,-0.002026618858942784,0.0017036499148466678,0.002980527942575879,0.002959772579421614,0.0010762531662113042,-0.0014388121470831669,0.0012655998316243554,-0.0037670408495824492,0.005118390258104886,-0.002728803280065098,0.0011852624439207865,0.002509686983130312,-0.0018545828812526742,-0.0009730860930334791,-0.0017797818109721048,0.004185347458659168,-0.0016229310681174364,-0.002713890260003673,0.006108767181712282,0.005614564541660309,-0.004142537815501608,-0.002270217160431137,-0.005473625137632975,-0.003615874734537746,-0.0023639638492634206,-0.006152616802990514,0.003759487534392622,0.0019713492578324193,0.017652284904501974,0.0054269382327833265,0.0031473501431161163,0.0020093413310651427,0.0032905918547117318,-0.0073623221040957365,-0.013294422075345293,-0.008801877177632908,-0.012863383588463489,0.006963156817053987,-0.0008521860744366153,-0.009893278484627396,-0.011361614521809208,-0.018461901018132734
cat__Mother's qualification_19,-0.003812611582649348,0.007847070106645652,-0.012992462773566445,0.010614579636057202,-0.00951322188311435,-0.005699328903213083,-0.015873347524581877,-0.05260829635544185,-0.012920842528486593,0.006687450345727816,-0.016386491264564124,-0.006150169185303398,0.026994401878779183,0.04128920260530768,0.0413793632545759,0.03900881421985666,0.006944576094009492,0.02191168369111735,-0.06166363021427458,-0.1496224276064261,0.1586039545796828,-0.46643149698783337,0.13438313825858633,0.23830293611202913,-0.09059093573543538,0.0816886058972537,0.14689956366357876,-0.14606631193341166,-0.045721700645721335,0.4864768081827904,-0.11288109507542152,0.24540419011711412,0.0228500769962588,0.001077521987700284,0.059416943049816394,-0.04872256237858408,-0.1589262414287957,0.007127615994402904,0.017917742072554754,-0.10128419655474949,-0.07766293324535685,0.05851216070999172,0.037564791124695227,0.041022316490125554,-0.08638141414178732,-0.05091022981108265,-0.006425298226335615,0.027064940870883965,-0.011969597048238929,0.056756486627146975
cat__Mother's qualification_2,0.001601230114581739,0.000494365451259765,0.002504625119131884,0.002282082223443381,-0.001393668954482415,-0.0009958793268706962,-0.0014009676489129977,-0.0004988428195113234,-0.0005058042563247183,0.003041074067633768,0.009574487736976415,0.0014824309560575039,0.0007749692868823148,-0.010494499317717499,-0.0030888835379950116,-0.008415125012762205,-0.0027339418033481425,-0.006139874709456068,0.00651117932332329,-0.008050140539353719,-0.002800827437325097,-0.001899975926390846,-0.011236749557864209,-0.014049100723706586,-0.010221897942639719,0.0064152368171328435,0.0002488124669892174,-0.005366297289132668,-0.026693182443578864,-0.0226361601203134,-0.019658551240820967,0.012347394261943345,-0.0038930028162911987,-0.00570507901543715,0.002267718488348893,-0.0020118636016700324,0.0072523406576593605,0.006087027954665822,-0.005748444396578655,-0.00019175633020272862,0.005312016845778413,-0.006096584479645916,0.013141262601541522,0.00786473273950515,-0.007216202858360906,-0.016142522723049304,-0.023552824769716138,0.0028735897066583267,0.014646582720371903,-0.008929938869453266
cat__Mother's qualification_3,-0.005296685012521459,0.008022346271885663,0.004579382281486772,-0.00010703712335839412,-0.01227647547642453,0.008552599034528057,-0.012685286852103773,-0.016576252474055225,-0.031289876003998136,0.007440507824274491,0.023853593770930624,-0.00993242309053432,0.0245942832563967,-0.05814340931724977,-0.03745268077175875,-0.09501083091723792,0.005377352388918491,-0.03412347330159765,0.0859656512662376,0.024313479389552934,-0.012443236763816631,-0.03582882310440172,-0.05128614370362877,-0.15698938214294728,-0.12817465405703193,-0.06600020243985928,0.014488561702182528,-0.09099019382976505,-0.29758440444175666,-0.25124634629042514,0.046064197349154845,0.14398482262113516,-0.010097353850263436,0.03785699188717462,0.006919855621149648,0.10076866831098352,0.08791743906117455,-0.010934276783023479,0.13019738032999736,0.10447431394193878,-0.09932509055329033,0.16991227027185496,0.017040529839135822,0.06785464688203066,-0.00157617637322114,-0.04454374426633936,0.10462943213543129,0.042271155275256864,-0.04127557212689929,0.03351394760755352
cat__Mother's qualification_34,-0.0004498795140557439,-0.01205722393759356,0.005299707617787547,-0.009853289950187872,0.0029993194853484384,-0.0021336683698952898,-0.011781654929771,0.01481961527508379,0.022734106837451386,-0.007341485895463709,-0.0026698093494778394,0.01690410074605038,-0.03671332460192843,-0.01631845094083155,-0.03978871675322392,-0.02364654872895967,0.019599115972493246,0.004124182514821775,-0.032019223565575516,-0.012049456584738785,0.005907482731606356,-0.017818769795014053,-0.013001914061562436,-0.0194225172714074,-0.056627566230593604,0.015775119038362033,-0.014498367262457398,-0.02194840263644347,-0.0030899507732035742,-0.03973002375488442,0.007209791765863649,0.013276138673853456,0.022764136363326817,-0.018375648081612135,0.0015210955490028433,-0.024863204009637443,-0.0540931555972406,-0.02999791580733123,-0.04446571033607123,-0.10112047625785198,0.02948057821447525,-0.22544373817457486,-0.22357556162154166,-0.03485224764219644,0.1584377688235315,0.061968387472011034,0.009927606724458235,-0.053768196397940636,0.09293457694090966,-0.0799377389888519
cat__Mother's qualification_37,0.004207972585001451,-0.025587788390415943,0.01935295457322627,-0.024661620540965823,0.04965351650055276,0.03626459218518045,0.07862303561483955,0.11027882651674924,0.04658583509278349,-0.037120584843980134,-0.06564024873961263,0.059251184810510005,-0.07505060628961067,0.1717280476732664,0.10898067135089592,0.10829379782285868,-0.0552345325952899,0.004899898289540487,0.17700940061561785,0.05262662058464457,-0.17258383843890612,0.09005977469504842,-0.06714127401788156,-0.05611427865321461,0.2733670516338646,-0.1430096442902379,-0.034821044557671675,-0.02596168687701149,-0.0041854533998693655,0.014618012892366212,-0.07889513113749255,-0.06437745231035558,0.11956450819275925,0.07142033429529725,-0.2078622422519075,0.15050911387014307,-0.013798616809506302,0.39728875109746187,0.17025282113449766,0.2918698482048562,0.17268968967610815,-0.06722514898039386,-0.00227125401424437,-0.1447396623414006,0.06410517502604957,0.017442583015674907,-0.04640415290542514,-0.023791874428235528,-0.009332409146109538,-0.07025896666357118
cat__Mother's qualification_38,0.0051583737524818355,0.007400522501695422,-0.007432165671202586,0.002289709261950161,-0.0040522862192736925,-0.009144630439054878,-0.0036467157444639714,-0.016073241507550493,0.006109274197980837,-0.0004296381942998335,-0.012942464264657194,0.016098527414428868,-0.0035350307885843803,0.04817326553752191,0.01675384872272755,0.0555938141495325,-0.010784036014970659,-0.014735339364104368,-0.008360939236887336,-0.055123503915078906,-0.03865878174737043,-0.0833686189706484,-0.034874011009992434,-0.16423919050679028,-0.1366646309569048,0.05985265095932979,-0.08704783305267436,0.2093180092538327,0.23190760167030788,-0.131335209772912,0.12028461413291858,-0.20017748063952218,-0.07841576380603875,-0.06843987277851525,0.1301616582596551,-0.018579803127263587,0.479152190245545,-0.27815989772591687,-0.29123897442064695,-0.16203865796654687,0.11870844176959361,0.09028988880553919,0.12346933628958161,-0.03283676707213056,-0.024331644631641475,0.00039884516624652533,-0.02524870413510237,-0.0428058550563412,-0.04660005467518963,0.007973415459816221
cat__Mother's qualification_4,0.00032109285035659854,0.001058588676288561,-0.0014276858043369995,0.001463769580731975,-0.0010486560230188193,-0.0020318251129372578,-0.00041360980805381906,-0.0016348268595217828,-0.0021749477358622865,0.000851709927644893,0.006150103343267222,-0.001309658794368899,0.0021262337765378574,-0.007051845828185492,-0.0016219274628611479,-0.010004764682115643,-0.001039142386681765,-0.005452867727777597,0.007533605379624575,0.008108410856812548,0.0016802125072876324,-0.006097468257231103,-0.006747203992189105,-0.007788580925821435,0.0001985968081325458,-0.0016079555430717745,-0.006034715139862977,-0.01049857206886531,-0.007759638741120341,-0.013020566515423146,0.006646741470062874,0.014338041168353844,0.007958101000540632,-0.017406701669202742,-0.01134568727679457,0.0059475769067328585,0.017737025343227526,0.0024730144363452854,0.00523699441422171,0.0017917534198549495,-0.008173970282537484,-0.007347284136946708,-0.0031701126658715416,-0.002069206011773176,0.0036155342833369556,-0.0009526496508153832,0.0005065480593841164,0.013967006549918462,0.010446012089935054,0.003960364925649824
cat__Mother's qualification_5,-5.9906699734055155e-05,0.00042659459392997,0.0006571706350793779,0.0011534615625032247,-0.004772480707535698,0.004345801862269346,-0.0018347481475434859,0.0007255552662457592,-0.0011888046119840584,-0.0011132197166795115,0.0050368772418743,-0.0038420765887402972,0.0008272064558138721,-0.004309278121859549,-0.0013709556614802966,-0.0017596336723095915,-0.0006528407613085862,-0.002735065125050935,0.005606653589988885,-0.000537203547234613,0.0016206129779871717,-0.00037602610302246535,-0.006232899533021955,-0.008602290725717873,-0.0047179237553451915,-0.005750930413251694,0.0013186325682449842,0.001010909082125526,-0.009991502413543032,-9.340319611273948e-05,0.004804159831953269,0.00481845525271506,-0.0016850865663551595,-0.0009289243577948018,-0.009830628554904127,0.0043367541399727035,0.002221573868527638,-0.001287119146649935,-0.00040731818215137107,-0.0025597485639415867,-0.005648004859598101,-0.002454500439702823,-0.004894395612251205,0.010759380172100383,0.004381224097062902,0.00709627283178991,-0.00508086500414651,-0.0019433817379482434,0.0020840581389217055,-0.0011447220644792565
cat__Mother's qualification_infrequent_sklearn,-0.00242191510380927,-0.0012732540358990703,0.002232912537116833,0.003552706707591414,0.0003346067271786025,-0.0013552405880809901,-0.006727783397115775,0.00559513029891404,0.0034520322760517087,-0.002567098895780852,-0.00032235949492904684,-0.0028468750914388092,-0.004955325545245151,-0.010437155498851595,-0.005438739110566006,-0.009097367142951498,0.008510028921929272,-0.0025086350408539725,-0.00047599369755064536,0.0025071055652920306,0.01411431577417982,-0.0006119246797575105,-0.010087427999788685,-0.008563690586034255,-0.009531274561710656,-0.0076852411575463134,0.0029899233318411503,0.0043714619525623,-0.009518919232870184,-0.0022240700942397175,0.007871051006342993,0.009095299990792111,0.007486838201217641,0.002490662157507742,-0.0009567608538888331,-0.0005806355604673734,0.01393108623670769,0.008380878410161642,-0.00468365377607266,-0.002216771980319244,0.007592264667560872,-0.0021626409514686994,0.014899002168382133,-0.023941886005635574,0.0028271735423141884,-0.0054190794439846705,-0.017107801726158146,-0.007210990264344141,0.0030702980635601575,-0.0040928184692670885
cat__Father's qualification_1,-5.035372447435467e-05,0.005439961446074841,-0.005903345155261778,0.012514963465283862,-0.01296271576236751,-0.009639355551379444,-0.027250247206811462,-0.038880997987115036,-0.03510171074462512,0.04014921935404008,0.038021962809884,-0.03810405313052882,0.042916321789079455,-0.09960270638373565,-0.04314411488960932,-0.1316963589712106,0.0002908036146849637,0.002935473132535815,-0.03763898631071518,0.17936481284219427,-0.07688856907400189,0.30006407905433424,0.06480309609651896,0.07830158800110541,-0.3501159937546644,0.039025655240978674,0.07010471861156714,-0.16850717587470024,-0.19555865782962453,0.39655687701810727,-0.06868955769012809,-0.20497276134314973,0.11136648594324375,-0.011802690294001706,-0.014898748725746605,-0.08782206921466258,0.28580232895033747,-0.02394762124694306,0.016707293150099924,0.21809814456518545,0.07284932505234637,0.04767137673346,0.06517282841214243,-0.059223887584782156,0.117434574031684,-0.0052171800043466394,0.032894226000027504,0.11245140909705834,0.041054958481038455,-0.08064349155011895
cat__Father's qualification_12,-0.0005746913305892283,0.0019593437118998244,0.00028618125611713715,-0.00011092171355191897,0.0007025522937007063,-0.0033722526172681993,-0.0015195672723586292,0.001916926271234365,-0.00175066677022746,0.001912208255256664,0.00202469205744908,-0.004164756638020733,0.0001157952135132397,-0.0047814626851101424,0.0024563871012207813,-0.0010223919842395574,-0.005242374840409583,0.002956338921971653,0.0024799763441660564,0.00528369964492544,0.0008458990302238512,0.0006092159529329007,-0.0016271076994259141,0.0014614603552951533,-0.0021178324713658847,-0.00029208151419656925,0.0007604786516647066,-0.0018331228821239047,-0.00010131431008515314,-0.0028172400498757775,-0.0017772292459232479,-0.0011568507047851554,-0.00899957813832965,0.006574568981442258,0.0052523229181681615,0.003824599678623199,-0.009525927725227624,0.004402644163273162,-0.005418303501183106,-0.005724238298371848,-0.004222023411433607,-0.00684830452296511,-0.021826454556948698,-0.0050948082496069845,-0.012898876371431379,-0.012666546804816119,-0.0024462373544594353,-0.0073276779336927346,-0.0032232392954118093,0.008861832455498366
cat__Father's qualification_19,-0.0013711702157156282,0.00873717908185946,-0.01869302868120991,0.013045974719210915,-0.00995388896899684,-0.012876856051547519,0.00206500985983499,-0.03312633720239264,-0.010826615464806148,0.014688967611971615,-0.006323225955790265,-0.02273330532537446,0.05576657833314724,-0.046774798958749274,-0.01298585894869156,-0.01177384278448021,0.04448055268327286,0.015811418971155754,-0.15404652645066116,-0.09343954741997108,0.33680664437784336,-0.30297994034128184,0.05242290122713433,0.3627052450602586,0.38357197266374965,-0.04349454235288054,0.02372727578420992,0.007739547492546996,-0.08438403544970006,-0.333452233598791,0.0216527545800149,-0.24276984984625963,0.02662792325005716,-0.00678330746992617,-0.11945155996847145,-0.011190135306128845,0.10303467852815293,-0.06312749217731808,-0.01747424146373193,0.16711971412405438,0.09210196311587657,0.01579396821078874,0.04843602108157402,-0.08856989333145593,0.008727930960019094,0.001065151551537991,-0.021650810947148,0.06433719585835847,-0.0013064625582149968,-0.007633347913876076
cat__Father's qualification_2,-0.0008562188918233662,0.0011826906564020986,0.0020851599925431267,-0.0002721783167181379,-0.0027862657916030717,-0.002430157696832206,-0.00035785123997085326,0.002074318206412602,-0.007594972815897116,-0.0030915104084749128,0.008533113537592441,0.0023960569419034265,4.6272595420694364e-05,-0.012411997295190423,-0.0026230930995087775,-0.009339458032510245,-0.003835240859391879,-0.0006522826014754367,0.00772197977122757,0.003329148261492834,-0.0020570461721499257,-0.004326056991088241,-0.0037567117501549584,-0.017721755154194007,-0.004729112444050548,0.004238767968948348,-0.003219623949942938,-0.0098264308529811,-0.02026203469258471,-0.01956347316541108,0.003459442392361467,0.007698022722272179,0.004709615139603229,0.004862707228080309,0.0009507237764830754,-0.0038760644214861292,-0.029017841042491187,0.0013223859213195473,0.007216749743098858,-0.024011378026337345,0.01167938688351485,0.0035837651785904697,0.022870277194132406,0.0035419491919787393,-0.022642869818508115,0.00015593483366673042,-0.016666237205660055,-0.012541899266023157,0.0028971550124927206,0.01927330592335152
cat__Father's qualification_3,-0.0004385062767846648,0.0028325984723937686,0.004858977161557883,0.0037987447410206417,-0.011512139703004194,0.006833926340852288,-0.011825342470042651,-0.008380739167478177,-0.018306515955208078,0.0008448882616318424,0.028458416553662626,-0.011530066105245346,0.021197894935194334,-0.03340943832389027,-0.017988788115859387,-0.04581087379745781,0.011157428039976651,-0.019813878289680502,0.05164765382689857,0.013337159627618847,-0.00834005293524712,0.0004287538984996484,0.003270554619976364,-0.09726598194334848,-0.05692958825552442,-0.04539615927769339,0.022431817856787814,-0.010350813899819969,-0.10730450334099652,-0.1755693666268532,-0.002415102436211833,0.12325819421464071,-0.044590627169537884,0.06607317511158373,-0.024061112521167622,0.01152866474977135,-0.11864080889234381,-0.0022775128976343303,0.028112166605253446,-0.12743892726346776,-0.18083102459198613,0.02108443653098542,-0.009771220698663739,0.19289539174254855,-0.16610012795444376,0.045858575042294944,-0.06132265416053524,-0.12781555507033882,-0.14930575410743724,0.028743923345774205
cat__Father's qualification_34,-8.758664322414204e-05,-0.010746570552367997,0.00631378975334593,-0.008703457119873933,0.0045737183799557015,-0.0004162941377155064,-0.008606754238078617,0.01626228178466636,0.01980584899097465,-0.007210559811197669,-0.008247021829497865,0.00971025139719329,-0.02846086706655432,-0.015138360138366856,-0.03771373216814167,-0.02591250119679756,0.021102945079039395,0.0027966223530870283,-0.02404507926737089,-0.01587822586349261,0.005099432983194128,-0.013759454958985087,-0.01682864846185876,-0.009012488575717665,-0.05526611284877615,0.019522662366150304,-0.014296765950614587,-0.0171523408257989,-0.004613618071851085,-0.038064824158546555,0.011167700655276072,0.012199316673866464,0.015570348253453208,-0.018741840539405166,-0.003011718833994873,-0.0352914330020888,-0.044612309588363736,-0.013109277899047072,-0.05078529836070793,-0.08658291110107122,0.0328097944521867,-0.2092335172996107,-0.2157565861723287,-0.022612225790141712,0.150736718746786,0.05978989621659808,0.0001089312377832441,-0.04528677777056382,0.08948728922780444,-0.06995160895911995
cat__Father's qualification_37,0.003714022644288442,-0.01860274255813728,0.019910507730536726,-0.02719217497192967,0.04379744637854554,0.030907779498669574,0.06033909108219294,0.07561398848065976,0.05755975044017834,-0.04133098245249136,-0.0803534458590074,0.055177833246828595,-0.08884122421610921,0.20910728173866344,0.0993006153332338,0.1564817646008816,-0.08141829739526114,0.02156171091914373,0.20175507108225638,0.007293193189311015,-0.25722446274467387,0.11036140645272058,-0.04750096013998188,-0.14285187951434714,0.3988334919933404,-0.16837034055940442,0.15313367768351765,-0.0735445892036313,0.03957522693419745,0.17241189535716903,-0.06263011182328732,0.15495539001890554,0.01126318468443887,-0.06487878452697915,0.14162434640793048,-0.07286324851021389,0.03465170675360967,-0.15718140420589635,-0.1691489301740583,-0.2278054571762645,-0.09679196376216832,0.06769765731167987,0.04731238579585777,0.05201504724804541,-0.045020596065724325,-0.04470882283917139,0.06355465325656272,0.04236361153916495,0.04090275016674625,0.04670844270852574
cat__Father's qualification_38,0.003907308193269481,0.013430621766702379,-0.01401416921201008,0.0056259071532013104,-0.006982480789710399,-0.013044118235904026,-0.004527275095493979,-0.021235867270057673,-0.0049376310551271846,-0.005432200693603005,0.00784060396680171,0.011692115380362364,0.009118541268544436,0.029845806784051937,0.02862228410957355,0.07995024082250252,0.007373713661072773,-0.027021849875188072,-0.05090634463496424,-0.08173581020226713,-0.0009671898528166335,-0.08600702931345615,-0.04587281563248494,-0.15085303191678306,-0.2950925982871655,0.2059139590155943,-0.25902968254406344,0.2673082601581057,0.40218946157588703,0.022390639889008045,0.06824552658876847,0.11413998370238013,-0.1371342768639388,0.029595069553207662,0.01924258076485659,0.19039983345353936,-0.21198748740934503,0.23635094805193527,0.1739830164950642,0.11947114687671881,0.08354609707759114,0.06336482023792345,0.0683969112358202,-0.07499652263111553,-0.0349700398444306,-0.05296278064636607,-0.0012670940239704583,0.01133196557096177,0.011248188127638774,0.04231545021468917
cat__Father's qualification_39,-0.00043320272749597274,0.00014658109148015511,0.0018850090342727528,-0.0012652142331556816,-0.0010667139048764563,0.0015326301562091553,0.00020262310051851357,-0.0008338268760431983,-0.0022131456611702797,0.00045296277921094246,-0.00014005909733301106,-0.0009390074502301854,0.003198171853967025,-0.0032512530302042882,-0.0005324977364057944,-0.005812282995349509,0.00030037859741057307,0.0009729620138792723,0.002865158307481769,-0.0021112846220752834,-0.001957599186236255,-0.00128107824104467,-0.004453786241755665,-0.003703221475825555,-0.0026225362488663554,-0.0027694169070562767,-0.005873866105025576,-0.004507351757535104,-0.004452167950016401,-0.005416190275138764,0.005347996866769905,0.0019706462528072417,0.0048825043260706195,-0.0024562847697729854,0.002452358339277873,-0.0009711591122859528,-0.009869724650226529,-0.00246363427250429,-0.0004994036977789217,-0.0019120655251264392,0.00240024686940065,0.008707563084596241,0.004485118941478422,-0.00491704234532388,0.003976212438212861,-0.0022798583513058256,0.004876336878878404,-0.0040457007378744865,-0.011344137603857786,0.002298529679881209
cat__Father's qualification_4,-0.0005812280444627,-3.2363240249269354e-06,0.002320892542741769,-0.0008626728610658597,-0.0017402391342156347,0.00176554329712383,-0.0002768347181724565,-0.001402356830189951,2.5740000650640604e-05,0.0011767151119421529,0.008243781384090295,-0.0041569343105106555,0.001513525528947313,-0.004735997585779241,-0.004989416529371706,-0.001580251296440665,0.0014105357660577147,-0.00268641155751876,0.004620834799002903,-0.0009671241065923753,-0.002863778221861757,-0.0024980473873206597,0.005267036526245702,-0.009350431964199513,-0.003247925542719067,-0.0028934949262848014,0.0009804139604268356,0.0005287604441453547,-0.010948930510453873,-0.010289814298667498,0.013729650027158171,0.010806973701585546,0.0003587885930616554,-0.0017157866936311425,-0.008748073559133592,0.005757609471493721,0.0026371275285021097,0.006003041486853201,0.006570994016258923,-0.010576769958757686,-0.01628381072361827,-0.0013837040144428154,-0.010414530706286259,0.00946029786450941,-0.002357461264969332,0.005856835164808618,-0.006979254317855298,-0.0047363863974710305,-0.004796381259874429,0.0109130965871248
cat__Father's qualification_5,-0.0004132295330804129,-0.0009014500466974798,-0.0005059204969006697,-8.738712920708929e-05,1.8265749329692434e-05,0.0020267061342016048,-0.0010726228681325852,0.002041650372854876,-0.00029958162123433854,-0.0019498269142329576,0.002712881843950225,-0.002317488535957012,-0.001457593462568944,-0.0030873081896775293,-0.0012487781719361974,-0.001975094700285304,-0.00018419056004377718,0.0019016463436533865,0.0006809234088506538,-0.004625241136487863,0.002485422681111401,-0.00043582582511801984,-0.0014065080219251742,-0.005155380323050405,-0.007257254193928862,-0.005346793996024363,0.0042215425049804516,0.0013465543798721995,-0.008366948659506985,-0.005248624416541768,0.008237091567193693,0.007574936199579463,0.00025463564446195127,0.0013643328758649398,-0.005979041656130853,0.004144967143155431,0.0001847489449684405,-0.0003354638595752541,0.0006848219421357173,-0.0007388670594444414,-0.008867960294767684,0.0030323461294431767,0.0034773225060014453,0.005493945281753773,-0.0023926468482422724,0.00924722529568833,0.00416441506022122,-0.00428110316542173,-0.004661123705648357,-0.0019243531446831515
cat__Father's qualification_infrequent_sklearn,-0.0028151434499074494,-0.0034749767455848585,0.0014559460742670685,0.003508416266785564,-0.0020875387467575277,-0.0012875511364095567,-0.0071702289334852325,0.005950960217448642,0.0036395006564920607,-0.00020988109405340266,-0.0007716994118018023,0.004969354529579497,-0.01511341677258117,-0.015759765932011668,-0.00915300688450363,-0.0015089496646127237,0.0045637462135914636,0.001238249668436082,-0.005134660876172579,-0.009850780214656024,0.0050612991146145704,-0.00017602230019271668,-0.004317050522288153,-0.006554122549193282,-0.005026510610028883,-0.00013821505813116624,0.007060013496491989,0.008798702821920003,-0.00577247769526526,-0.0009376456744585888,0.0036718385180077966,0.016295998408157115,0.015690996337415827,-0.0020911594564626073,0.006627923057928823,-0.0036415649297169353,-0.0026564913975729177,0.014363386935537166,0.010051135245549025,-0.01989839115711743,0.011609969333057843,-0.013470407580448823,-0.002382073032779564,-0.007992251396409515,0.005507181991047787,-0.004138429458588708,0.00473372557615551,-0.024449081724157714,-0.010953242485276274,0.0010382206529531302
cat__Mother's occupation_0,-0.0015455670897570255,-0.013398780744275886,0.005518887126555415,-0.0081145002775159,-0.001662301319993219,-0.007138900417969686,-0.014951066097913215,0.016462512792739244,0.02775745784691077,-0.01232357391081315,-0.004244195644545919,0.015500864803974015,-0.03246802230302232,-0.020726782960132285,-0.024286766292565477,-0.024113186580718118,0.021579722193933618,-0.007759264908853484,-0.03272147851779183,-0.013286648343261142,-0.00312376235747063,-0.019088866585326478,-0.024877015056329423,-0.021418069670517514,-0.04894404205898181,0.009689355511048083,-0.01425353867566767,-0.023678129389142905,-0.006037423861116779,-0.0359040907296887,-0.0003428766576731943,0.016243632648091255,0.03371512669677245,-0.019940074354761306,-0.008684651415582004,-0.02251242235750693,-0.05223895629111425,-0.011901649171892813,-0.045573539623452584,-0.11205383198008101,0.038192349162412015,-0.23588118136878217,-0.23169180613814444,-0.03539688261108008,0.15650422234872755,0.06054779620145701,0.005793963479293354,-0.06431794030016229,0.1096180378319693,-0.09485764472509128
cat__Mother's occupation_1,-0.0012978666134111341,0.0009401461081375778,0.0007150048850517893,0.0027668995600113235,-0.0010610240193366558,0.004937015372996811,0.0012062063624427282,-0.006530300190220964,-0.0034587728083678854,-0.0045280599530594665,0.0032428934205300064,-0.0053060114973145995,-0.00803817176014959,-0.015964704056391426,-0.005053178078996752,-0.014623917808629525,-0.00036320448885132303,-0.0016042842593185767,0.0059930357908688755,0.010817450592279412,0.008516088790625098,-0.004505740846693686,-0.0034294265894196964,-0.024286646974855136,-0.006328946241371023,-0.0063464225737567825,0.004343797711426225,-0.008191913179887747,-0.029506538704212354,-0.006248288354194637,0.010840124514545526,0.0055984754907653575,-0.008309063117573023,0.0026976544740648922,-0.006064180469365821,-0.009929479912316283,-0.009613852315256126,-0.0056354543970258235,0.012152198043276169,-0.002137125541379367,-0.0015629684468859498,-0.002837304191166616,-0.007736671936536115,0.0108118023622941,-0.015756452439208674,0.011513024846266815,0.017263860452916332,-0.004481221201355025,0.02588748409773982,0.0394123443059194
cat__Mother's occupation_191,0.0002479381616671329,0.00019157560311601387,-0.0010278565604541266,-0.0004774214058566415,0.0016095620862596367,-0.0017784801573315202,-0.0012130333455800072,0.002151695835872813,-0.0001810197992942336,0.0003700298906649648,0.0006356203186466278,0.0002439683237927773,0.0029978833584013553,0.0010811190965626344,-0.001595587624192272,0.0016441874258155585,0.0019511904402864993,0.0007865802513098899,0.0022056696099716916,0.0012274879730725503,-0.002036321258624415,-0.0029264599158821784,0.004201294679181923,-0.010437573015843658,0.004445369306649164,-0.004597878974412139,0.0001200409709457514,0.005565657486780483,0.005044825359909849,-0.0014225541396166452,-0.002467409072049469,0.001521474564265584,0.003128134567996335,-0.0020791408609903204,-0.000633421355508174,0.007693881298813441,-0.0004890704076339122,0.010325611043638414,-0.01949581272047978,0.003418264551299879,0.004783997599944936,-0.0014391289325016484,-0.0021206235984323365,0.0023792177506270764,0.006341435165194946,0.004220118674930811,-0.0024624995680990643,-0.000983219572397717,0.0013929032618229796,0.004145872169500603
cat__Mother's occupation_2,-0.0021203910986003043,0.003036049633037101,0.0036278547599891253,-0.00017098645883415484,-0.015108991135036678,0.0015070186144400437,-0.008775915507573779,-0.005976266458075715,-0.009979731320863782,-0.003825008091579257,0.023701925102032954,-0.0007896248058225567,0.019513012605443244,-0.051263529491015786,-0.026497306868889188,-0.06489223422691663,-0.0005836844598695622,-0.022055706653964627,0.06039850454589212,0.01617889612661084,-0.015459174848659224,-0.026702148069749604,-0.03604962861109395,-0.11896078709127389,-0.1139093203685765,-0.03868166962310052,0.010701561876915582,-0.04352177791398334,-0.23197522219134575,-0.18633120987557047,0.06278605436715541,0.090906503194874,-0.008934682987624946,-0.005151245639959051,-0.03823878822765571,0.04981244139813594,0.049854118213113904,-0.029203718949576064,0.0688529521073575,0.13883898347485646,-0.18296688698388341,0.08926598316758187,-0.03370967424977073,0.09981908788785888,-0.05155848244225891,0.01264828167269946,0.09517064202740663,0.1520315969673373,-0.070492377645543,-0.00029319588467103305
cat__Mother's occupation_3,0.001202047296960989,0.004319457339148567,-0.003810175091692445,0.0009451491270101791,-0.002786988115448113,-0.011047593179531726,-0.013222101573836574,-0.011874003424758198,-0.025911957939535202,0.006047689157396031,0.0008802816482357685,-0.028691518090427335,0.012619976698578977,-0.03480532260571218,-0.013459278043634315,-0.030717193692464218,0.012629066383946853,-0.01096832976429375,0.0077164043247906385,0.01935507750460089,-0.016555174283079233,0.005539440130305197,-0.02697923555475882,-0.0527337613659743,-0.02466030836691207,-0.03329932830902805,0.018100944793676507,-0.04989331326644022,-0.10215907211219365,-0.06945431644765224,-0.006528544703550548,0.008016456850773165,0.0539878554195019,0.008226994341649124,0.009580514170627767,-0.03104454544233204,-0.2515713861074583,-0.05033802663701992,-0.05936961874721263,-0.07737181400642382,0.299935661883138,0.13756656002722029,0.20068624676141325,-0.08566668239705943,0.05960339885014185,-0.13227582811304947,-0.044875069602792785,-0.12948268234601773,0.20208038597951805,0.16151614711568593
cat__Mother's occupation_4,0.0014532958761126152,0.00380892325080352,-0.00970623912593731,0.013629123411016261,-0.022328348950760118,0.0006807296210923288,-0.004941088098495133,-0.030820651274323013,-0.017369696432278058,0.01529584776931741,0.03930427913334897,-0.03570749186652476,0.02451616842542893,-0.14501572881325012,-0.11431510923488251,-0.12533809725842354,0.04634134617668072,0.0021316901895966065,-0.15786174082843163,0.027875783748384318,0.05661505782209414,0.20749884625178067,0.022358200297365044,0.20410083075015895,0.2683253116245975,0.09628805439614607,0.012648801261931159,0.05494601867379222,0.18491298477719384,0.08691605816216555,-0.09792622025766234,0.3837865167813368,-0.12347046218088209,0.09683614625645136,0.11335936066700189,0.2571482199836058,0.3255989064135372,0.15492224537203722,0.02409345103521544,-0.12167669789836141,-0.058521733517832325,0.11211152915319385,0.0330850473921181,-0.0359661815559633,0.11982275588172855,-0.0928714127742126,0.023250755318464635,-0.037430338815072094,-0.15156067931607975,-0.1409278142984102
cat__Mother's occupation_5,0.0014581701449684142,0.009321782914329939,-0.0086980345627424,0.002672770751656932,-0.0008844280245658041,-0.017848832958057427,-0.0012884409371853617,-0.024253049499902615,-0.018784620901859516,-0.002269525223448246,0.004043676064140297,-0.012125641621811187,-0.026072930920292864,-0.016822507661198884,-0.013802183157545035,-0.03066320581967477,0.034809447057490187,-0.044819585774270865,-0.04413708601001489,-0.11275692756689852,-0.10828345330237536,-0.12599824621727446,0.008521208913888773,-0.14421632470900478,0.051828144749362606,-0.15201772369070915,0.047132918151782305,-0.0756074683475995,0.13052090213313475,0.19889709040342385,-0.01734036352095439,-0.3113462888846006,-0.15233613545755958,-0.3337267680647092,0.09619099784302057,-0.022046737164403016,-0.10972534421671007,-0.0726535679005424,0.049496206804000305,0.24286041451447565,-0.04142816274995224,-0.1355012350376225,0.023148397465142016,0.005540540163911152,-0.28456540994300505,0.1745933108676875,-0.11311745332429757,-0.03271076093882983,-0.31787696747769134,-0.10996840404344599
cat__Mother's occupation_6,0.0009818531044447738,-0.0009138930091129726,0.0019420633881372857,-0.0014707455554063837,0.0026875259247401977,0.0018932075838263,0.004060468224156088,0.004268668615347737,-0.0031613133307011967,-0.0016544202088554806,0.0027020349386965336,-0.0002113014162177536,-0.003824344850784839,0.0037012409540690076,0.0008910212486408868,-0.002604387913884274,0.011736446746326807,0.0016424303058085016,-0.007951760855973117,-0.008382641462019334,-0.01891307532408034,0.0013651093798634755,-0.022160556377317668,-0.0356970362573763,0.016537675378954772,0.002675264468709024,-0.008377510439508762,-0.0036870342854339218,0.006300959761315566,-0.0004517998466924012,-0.013842690199638897,0.0046590737160167464,-0.004841339105200337,-0.007109291713182701,-0.02376876485746018,-0.006142040808041597,0.0069439439675070685,0.007436397849978972,-0.03624338787286221,-0.018432309897298233,0.013730653374361095,-0.00429005035525187,0.0324590410353037,-0.03275430962475988,-0.035063950469264124,0.007211857796469158,-0.037421259400097925,0.021205232532919536,0.0742978598923698,0.02409781518940728
cat__Mother's occupation_7,-0.0013200923390760256,0.004273968533423417,-0.003782404136334149,0.0021900186287426675,0.002089329223804385,-0.008171430631611994,0.003038008276132913,-0.0170690782690861,0.0074260584642329075,0.001509431212476166,-0.021134728574566178,0.018576851133945565,-0.007477305099552488,0.01221719057253142,-0.0010411353281127357,-0.010628579687687715,0.005792518818448837,-0.002172798379817888,-0.03571627589848417,-0.035484645564724686,-0.012290136782680774,-0.06573964806465563,-0.017466799170635205,-0.08139244310848287,0.04809032603261987,0.006325906302277688,0.00044475954621157193,0.02496229468729217,0.05117599320960752,0.05032828724890716,0.024559299410282173,0.05101434878525912,0.04289869130291174,0.12412082971094739,-0.026097183536279822,-0.05429022017205,-0.0010429738684803458,-0.13179165853764957,-0.07178931320696334,0.17816675886876707,0.054970573215348324,0.02516923859229999,0.01101004464975211,-0.06134535132090593,0.12425906321074913,0.023657957372735523,0.036485064167925935,0.0828187507208684,0.16741893766314092,0.13638351654103995
cat__Mother's occupation_8,-0.00012166651335394156,0.0006078102136850604,-0.0001894795925360179,0.0003493560129356094,-0.0007587142504120328,0.0025732357353803635,-0.0016568546345357507,-0.0009816388034638353,-0.001949842857169225,-0.00020105095265545702,0.001052381187966865,-0.002137249713789491,0.004741936297627687,-0.00020912021583124513,-0.0009136834567573574,0.00015289128994726007,-0.006347614356422828,0.002962418132305469,-0.0021062608834288496,-0.004900632035902376,-0.0005466293776435079,-0.0018486002410304635,-0.002189751899644395,-0.005635100719393989,0.003879511265033295,0.0021557401286384156,0.006067626899952496,0.005047260431473327,0.00830085617293891,0.0010085264676571127,-0.0024826239728776836,0.00196117788690252,-0.0006646614875011111,-0.0014914027491520817,-0.0008117043059887117,0.00044643630469760887,-0.009169284137382374,0.00043297727703183256,-0.00815274953716472,-0.0031105579265493294,0.012584315071303937,-0.002996671483277336,-0.014764060282823843,-0.0004166459002193862,-0.001916033129473332,0.007463413482395687,0.0004941450846745574,0.033295965595842976,0.00395160427292355,0.0063070380955654445
cat__Mother's occupation_9,0.003845821036802504,-0.0017068902779269564,0.014602240072605936,-0.00978394452557914,0.03648872881984728,0.032830003557321116,0.05050822307328755,0.06072147740745822,0.030903475139069044,-0.00028056507233444923,-0.046292964371529625,0.051469262312726936,0.008880324578682751,0.28486226694783456,0.22954317845786804,0.3092624856671708,-0.13245408269939404,0.07846120201499646,0.21065426933915676,0.11511575434086255,0.09913273440101177,0.04248746598560403,0.10134373584991022,0.3134246006904921,-0.19834224219886604,0.12739918842678122,-0.08257146836749753,0.09913399794918243,-0.01033098670076614,-0.032505309883641476,0.05342519129884383,-0.2580364735808449,0.14427219837672714,0.1553671077058731,-0.11307078918538586,-0.12945307391457436,0.07243370478576282,0.10378021052239562,0.11864895105755718,-0.2396729720914304,-0.13900492502302736,0.037134724028589416,0.009009639564188182,0.1832302086976827,-0.03227491133476772,-0.0458007794065973,0.03396250410310117,-0.03695650399060703,-0.09969482319457133,-0.042064813927236114
cat__Mother's occupation_90,-0.0030790081021835965,-0.008896572305728902,-0.0012423220150104422,4.998255689220176e-05,0.002402619363824236,0.0020226407786247736,-0.0043257777790242325,0.007401275285004172,0.016327743162535394,-0.0034486138413643667,-0.006362263250077143,0.002088705932154782,-0.00041926994901290906,-0.013183040995793685,-0.011141824784268043,-0.0064715986058025326,0.0012080748673981023,0.006708160854748131,-0.001668118948498018,-0.007187327854750059,0.003852602845285542,-0.002931564911048852,-0.002210471273641948,-0.014955108553779076,0.0010866960511603883,-0.007812458854265106,0.002393351805560515,-0.0014977337384824048,-0.005429463921140574,0.005717823199160067,-0.0005369377380852226,0.00716525606453333,0.02136525155177088,-0.01078022598115755,0.0034420109833528277,-0.03046320243239633,0.0035441471957568674,0.0233485959476328,-0.006153278741253411,0.013108560073031166,0.005870102749658311,-0.0020602107617489554,-0.0029242686146377624,-0.02894851595695873,-0.033505425796597856,-0.032085781705285234,0.006605141648465677,0.011289921049049679,0.010256316256497042,0.0023142631772083023
cat__Mother's occupation_99,-0.0004575650769838624,-0.0022720535861750083,0.0007203099473405752,-0.0003062239407127475,0.0005543935573242578,0.0009827311425585259,-0.0013851256626636129,0.0005696089328430985,0.0020494335418960487,0.0013015809889587076,-0.0038353703432188056,-0.0007810100630589425,-0.004049691266978856,-0.0010894799080644053,-0.007120570415795694,0.0006886431460728263,0.0011822749701795158,0.0006097376210914581,-0.00274152614951922,-0.0038117478594584045,0.0009948449345186464,-0.00020189774804847205,0.004251251231594406,-0.004953418591079449,-0.003951883175833141,-0.0016489322711149747,-0.00200871087654607,-0.0012960317767339085,-0.0023630391984465395,-0.003272460839773665,0.0004953482530640418,0.003039161852416869,0.0020064846344866917,-0.0029044532753990347,0.0022315301790987252,-0.0038959253538351987,-0.0021880277016112365,0.001939047966804816,-0.002211968361505232,-0.0073244213264599504,0.001446090669489088,-0.012664017984118234,-0.016855968674160938,-0.007404464488627005,0.005375822862805976,-0.0024619662697518635,0.002036244873397956,-0.002507588785998662,0.004749042018276827,0.005341920804563426
cat__Mother's occupation_infrequent_sklearn,0.0007530312124094668,0.0006884763275385056,0.0013301509050268052,-0.0022794778843601895,-0.0012413631602474057,-0.001441345061737919,-0.007053502299211583,0.005929749050565112,-0.0036672127645751154,0.004006238235296605,0.006306430370339675,-0.0021298034316274647,0.009080434185630976,-0.0027816008636075934,-0.01120757642086955,-0.0016958059348051162,0.00251849834984651,-0.0039222496293373245,-0.002063635518538303,-0.004759879598795943,0.008096398741078287,-0.006947689147843455,-0.005312806439099226,-0.0028391613830699154,0.0019437080021628955,-0.00012909493721391385,0.00525742534081779,0.017718172669183442,0.0015452252751213397,-0.007277755364483598,-0.010638351721399165,-0.004529315369789623,-0.0028173982138262055,-0.004066129849674541,-0.007434930489875563,-0.005323331427797095,-0.022335925530031248,-0.0006610103858131766,-0.02425409023651247,0.005386749185553146,-0.008029067004074531,-0.0035782348544160705,0.0004046566265888136,-0.013881823006799937,-0.01726603276477246,0.0036400073542543583,-0.02318603926035887,0.008228789084422341,0.039972276359627246,0.008592955479964278
cat__Father's occupation_0,-0.0002512252888785351,-0.011627793287886162,0.005358905065711954,-0.005482731362237898,0.0005145841610483523,-0.00575306985493798,-0.012286987067064306,0.0163892742419425,0.025253733818236267,-0.007538916708345901,-0.005428966658482465,0.010688585762942873,-0.02500486701739768,-0.023598097090377194,-0.024439332079517036,-0.027293666797651647,0.02701087265125279,-0.0028986656310749054,-0.02362157257983452,-0.015993054263339378,-0.0006386792391640424,-0.020663621797922492,-0.01908821494823289,-0.011262569821472803,-0.04330329798785533,0.017024394850119758,-0.011825941844490727,-0.02289985743704666,0.0017579283706154938,-0.02288446807347045,0.0027245322143491374,0.02577856007852206,0.02830788979950437,-0.025430126341913904,0.00034122972774598,-0.029779771301670865,-0.04967978135262992,-0.011395284698733854,-0.04703319031638482,-0.10110912075203132,0.03853976894143378,-0.23263749650221452,-0.22455875024077168,-0.016494576245024498,0.15645065453223217,0.06199658831424783,0.012993094118773849,-0.05049152151881213,0.08529132565397005,-0.09696159893437603
cat__Father's occupation_1,-0.000752306760341654,-0.0026162511609219333,0.005040364228479419,0.008750611934158282,-0.0031841771162280257,0.0034717525722181087,0.007120196115167907,-0.00915019846480142,-0.0037829363105485072,-0.002696135529946458,0.008450155597555244,-0.006786842467996687,-0.013961062243573994,-0.016979708789856208,-0.013305203732700813,-0.02340283264810564,-0.005709563124889347,0.0003142428801602076,0.019682195855089655,-0.0034180584498897547,0.01311584712160881,0.007043967655957543,-0.001662709856150385,-0.010412619416707977,-0.0021644503104008943,0.011978512032136032,0.015599731442441409,0.008803134741659936,-0.018832129269834862,0.0005163435730314997,-0.009245433716296225,0.020591594261975182,-0.00040829018842217235,0.00684229199917165,0.003332366857932114,-0.019859830904183785,-0.007379648348141801,0.0220256328261382,0.007379227949377034,-0.008053732979588033,-0.013323400799714915,-0.022812304982143043,0.0164987756492921,0.024742006819902587,-0.038869379126125016,0.01525922483871446,0.010821180348202168,0.014822670896959558,-0.014252456810075724,-0.025756926876255595
cat__Father's occupation_10,0.0005073974270882209,-0.0003611306575785961,-0.00033545685657609806,0.002314930670694152,-0.0015690634326624975,0.0016024733824186266,0.008254578027054852,-0.006169878582958838,-0.012201358087162212,0.006370072853795004,0.0026816804507800974,-0.015048619795435467,0.006464203872098507,-0.0235542497004992,-0.007632445171584384,-0.035775761420688584,-0.002819969314512143,-0.005845175017897422,0.011578145279975973,0.02211156653200915,0.005254016470475173,-0.00878980243419982,0.00517461428497331,0.024590595562261973,-0.03301396607803448,0.017987527013172543,-0.018946352139723417,0.026739619609008426,-0.010233160177812473,0.03410597798000385,-5.8908511622251386e-05,-0.03636600886888047,0.01658003546519546,0.026424312330924894,-0.02701468646559142,-0.029377977926041438,0.03099337446115057,0.043224324960553416,-0.05614333429893167,-0.03148505127077171,-0.011337032169377233,-0.006629069841869291,-0.015458614882043867,0.005541239458149903,-0.03968508771327357,0.09373644307325918,0.13401479513033832,0.10818042372089424,0.020614992516195,-0.042611490855677565
cat__Father's occupation_2,-0.003689322729260906,0.0009223510556856262,0.005731680803770578,-0.0004991888850671456,-0.0064028417745688295,0.00629825549592981,-0.00741147773824194,-0.001604019625994712,-0.006379561782380587,-0.005019942443538395,0.026371037358752545,-0.005523641968652196,0.014442324168072411,-0.030159857678675912,-0.016500348321470792,-0.024815245510039982,0.010276544236582308,-0.0036106192265402378,0.03150946366859819,-0.002676802049043921,-0.005628120506975483,-0.0015526750025533671,-0.0019094219425897993,-0.08494137094821508,-0.04557721940387746,-0.02742107420789381,0.010588078649374506,-0.01063393572221042,-0.10673683080542723,-0.11972776228562323,0.04061687771678607,0.08381987222334594,-0.028344703294287954,0.03904727036630394,-0.029796494023981795,0.01744156580525181,-0.04385887642448602,0.005949940345027979,0.03492928780800799,-0.043112809060893154,-0.18108414980123416,0.007406864687982025,-0.026287764915101278,0.14587168465782768,-0.10532913482210006,0.07107540049876043,-0.0005373876521267262,-0.02742368696362474,-0.11625588677315594,0.046453766773068284
cat__Father's occupation_3,-0.001843062701810164,0.004886366973547915,-0.002868376096290176,0.002409632428093419,-0.002775909729179525,-0.008149252047037687,-0.006592367546324533,-0.012532894391842327,-0.0188131947862262,0.0027072868733805052,0.015284104274175881,-0.011287722430103004,0.0028003381280556072,-0.04415707791164673,-0.01928683851098924,-0.04422031878402096,0.0025858041038775213,-0.00820351021211739,0.007956572035964787,0.028774843841442674,-0.002167719121962581,0.01846018965491986,-0.01344283999502282,-0.022781310114298542,-0.05077869463417868,-0.07202112541748187,0.03115075038032295,-0.04864702975164665,-0.10519723292608935,-0.029706315934072643,-0.007719168162748126,-0.027096156940413615,0.10612616836956744,0.0487620592271837,-0.007183233648276877,-0.03382789015411164,-0.24866769851167436,-0.007182842810912707,-0.15323468980609806,-0.1654113139136801,0.40227448125213583,0.20454978065965368,0.29280694258299506,-0.08081065179202471,0.06821143959303444,-0.19011078119533312,-0.02339713127283699,-0.09690130195143568,-0.18838372625062272,-0.10413051800225012
cat__Father's occupation_4,0.00337772947138509,-0.005097703606445338,0.003713312646131126,0.008329607637581516,-0.009469836909757721,0.000767402246024194,-0.0010912652471212448,-0.00041338633291327303,-0.004980528427166441,0.008941517434749288,0.017560942422634937,-0.003605676402129737,0.014182321454614406,-0.051983373514347855,-0.021314216225444153,-0.05674195873158938,-0.0047554927794819755,-0.006906441891279242,-0.05607289221882424,0.053177019115634216,-0.009887444146575471,0.05474642131518182,0.017982933128006758,0.0845821402883478,0.012916137442048082,0.04573421443607712,0.0275364032368718,-0.06027760312474472,-0.033982893838365086,0.10048241399069194,-0.04362735659544345,-0.045181776086735584,0.031690632212813354,0.09931143323332439,-0.0778905770667856,0.12901851566217842,0.2712361966705734,0.12747094863757574,0.0065966065695216985,0.003063779233704128,0.11624863742600156,-0.1057206632502197,-0.09395791756024693,-0.0002759483845792398,-0.31889978522001394,0.11349164400110931,-0.19145412605523188,-0.44839388532637325,-0.03948354238971653,0.327638309532126
cat__Father's occupation_5,-0.00225824919823279,0.0037119867367024968,-0.01193855691857594,0.005435524798649157,-0.012030411966511263,-0.005760040744501081,0.0014368852489471382,-0.018429575776766283,-0.014363176050946154,-0.0005680524574094699,-0.0017197054940323283,-0.002211253899112185,-0.018772997896675404,-0.033082185946347875,-0.014334308985735846,-0.03863694154655552,0.032493753972083636,-0.02650328249243477,-0.030014599779093144,-0.05702499372327777,-0.01842100016182381,-0.08998408920030668,0.007756124714109473,-0.046903847286338604,0.06462563105532253,-0.11120860093057733,0.04035833046708098,-0.013869025530389456,0.07430579369549367,0.03174914041714067,-0.03834869625735027,-0.3229918285880618,-0.12959120713024747,-0.3659488101862016,0.0916067526660248,0.05060973017973547,0.07371809279314925,0.19056780774780516,0.28392391616261625,-0.1074282484054921,-0.26522469810078253,0.22571011848567415,0.019879775144867023,0.10239331085333682,0.35522150753317494,-0.28034942793706075,0.09374940008142918,-0.0858064867776231,0.19962961769534948,0.07101949807936138
cat__Father's occupation_6,0.0027313509938526005,-0.003601827270459322,0.004466911574375938,-0.004908929188650673,0.005260740529644256,0.011298717500556802,0.0012582124649972138,0.009306639395774837,-0.012760676062559786,-0.0006806887730578797,0.010470987211468486,-0.005680391151818383,0.003929415280217815,0.008883143195317224,-0.00592161551175496,-0.005670934412231635,0.012406035482938466,0.004027977748421223,-0.008723009999078699,-0.0027578075145650188,-0.027384005954056524,-0.0022428642367449646,0.012806694254393158,-0.04757026137709514,0.029126961593158522,-0.011377744362299266,-0.02839060423172847,0.008838163448769181,0.013456206606091028,0.007113690742074265,0.002498277844529679,-0.0010538266647126173,0.013748266728569847,-0.018510622545981605,-0.012580319626384028,-0.009035447565694993,-0.0069698077772360825,0.03972452867975064,-0.03692943367713257,-0.10026190733142978,-0.008939620043506027,-0.04213457545443691,0.08634042665179932,-0.021262552772810504,-0.13772580702433299,0.06684923222258049,-0.08171159630873243,0.04578373596892761,0.10083739373699505,0.014379336431775316
cat__Father's occupation_7,0.004278659802706205,0.011749468102189447,-0.0057887010212425635,0.005271822225264926,0.002643232215086888,-0.012962423441552516,0.0067688234064075875,-0.018646240181232773,-0.020615960917377274,0.005384210166910794,-0.03424919241456832,0.009869702657331137,-0.013672689106561107,0.048297326656015854,0.0020345028833966762,0.009488042537696072,-0.008129861651198885,-0.025585670607556326,-0.0931750022361757,-0.11115506364292523,-0.03880940485923456,-0.05472214087159678,-0.03061329869382968,-0.13121804246070978,0.11235800598540904,0.012325642394233224,-0.0521067189750925,0.07436526366391577,0.20941455890721866,0.11335842602024744,0.05904198494380608,0.0334458963002824,0.26294532537557924,0.4426733448535484,-0.0810032349243917,-0.19076139313736018,0.0049642616652943155,-0.325258622765635,0.07815295367381782,0.3420825130818905,-0.23564500421568407,0.043864084075748724,-0.01600349640963511,0.04455677858797179,0.18848672905936312,-0.11906187348632871,-0.028044327215644278,-0.05552936452808139,-0.11480030638469443,-0.00698931178510279
cat__Father's occupation_8,-0.0006571310470317446,0.0037645459679812943,-0.005352902542608208,0.0005867710431211589,0.00038741190478792876,0.004284290317710591,-0.0069397173184153746,-0.00021481662386215223,-0.006043078523192261,0.00927375985828918,0.00447683642534707,0.009022076401872327,0.01289079328305149,0.012170524711951508,-0.005886696392100553,0.009763133947007322,0.012897049850790772,0.019133506593337544,-0.028946468907906184,-0.0031113003469729734,-0.0045767680325071065,-0.023823462763006713,0.014948188349557358,-0.019149877117613116,0.03501380368117633,0.009051351868793085,0.02258473117669295,0.038328089073720026,0.06579144532655942,-0.013416325869279412,-0.023840097632769182,-0.0032261173790818012,-0.004089840236758331,0.053830547906475554,-0.03775166163295005,0.05194691354932959,0.04932245831509364,0.13773923667881435,0.01724024009912147,-0.15656706162457135,0.1287506528291848,-0.029480598601456295,0.02666006947480009,-0.0005828393256050446,-0.17739151577046602,0.1829073940942921,0.07501051308991794,0.6302318705713469,0.04326220133028276,-0.18096993355988036
cat__Father's occupation_9,-0.0002928963264911925,0.00521796631992914,0.004020187653764361,-0.017472104788678885,0.025921263522433367,0.007787671826518828,0.0238709317225778,0.026696240277734675,0.05800900049047209,-0.014055099540741826,-0.0392350968661433,0.022102767721054423,0.008642602499362956,0.17259739609295033,0.15915259996497852,0.23297747557088835,-0.09217847610009774,0.055621418418115465,0.17256942947178397,0.10464589414803208,0.0826313147730032,0.13695522836421853,0.005722370287091938,0.28737626153597234,-0.08295773384284041,0.12736317895991417,-0.03544404510331825,-0.014556553145321394,-0.09557022003687192,-0.08940061195888835,0.02668247290226182,0.2579706356274133,-0.31796893988937025,-0.29514803993255523,0.19049707326364382,0.08936719704480758,-0.0640676512855195,-0.25428017577749973,-0.08255482796088283,0.35862828762063215,0.019425923041347326,-0.012786498283494839,-0.034565319477441014,-0.1584023308856507,0.09232715697035333,0.00941693386882805,-0.007214047105426086,-0.04500922123524685,-0.020422245822556202,-0.005450368639598632
cat__Father's occupation_90,-0.002270128657256269,-0.006021204145543967,-0.002311965693654038,-0.00021564887469902142,-0.0010690560750971397,0.0007828437553232723,-0.006081059696606851,0.0077675337406113735,0.016627040575924904,-0.006525794079766863,-0.005736208384899069,0.0027894322280281247,0.0003737047370600719,-0.014268979413030965,-0.0140843983933521,0.0031636555175463582,0.011198661507655515,-0.00016290187425866155,0.0012315858707229713,-0.004424566395231897,0.002198721985685579,-0.0024408799749624606,-0.004655985637340817,-0.008648224029419251,0.0029554405340414362,-0.014420304440396351,-0.005228603785826505,-0.004319078036742176,-0.0013334979139931011,0.00023844221891816328,0.002546942881472289,0.013491949323599027,0.01836597648616272,-0.006156094438108362,-0.000955748005760717,-0.02829436373515331,0.011372707805567851,0.018715244174935607,-0.0018751463924857016,0.007658515412757123,0.010312874607875687,-0.009121129175892521,-0.013672225532716999,-0.034131242996003563,-0.03926210824361129,-0.031145405769387915,0.015595510549151897,0.004431695658718835,0.007033553033383513,-0.011882920775479287
cat__Father's occupation_99,-0.0004636414863650845,-0.0017996352194201881,0.00012645290379621722,-0.0020360822159193235,0.0013318878218142847,0.000812167021254321,-0.0011700786174752295,0.0002308559803679812,0.0032242619763410783,0.0005048699625091171,-0.004390707376845828,-0.0015318950535901713,-0.003061054956295696,-0.0025674739426356434,-0.005823697719756803,-0.0010724994619261143,-0.0007238838529300093,0.002603568789648106,-0.0038402060937355207,-0.004517561230140474,0.0002760276203242861,-0.001465816909988463,0.006154702726540105,-0.002076889247614267,-0.002920920114637751,-0.00025152209732110637,-0.002225628043675731,-0.0014502049152961653,-0.0030721615293835733,-0.0036194274757656852,-0.00020945545674211363,0.0012257126594690283,-0.0013406761169421529,0.0012181270691250662,-0.0030279168943053714,-8.42964664845014e-05,-0.0034696621750046432,0.001870376091945035,-0.009010812361993963,-0.007897190838133578,-0.002606396925141548,-0.014519452667938781,-0.012903943293117668,-0.007079456208649908,0.005917850650676003,-0.00039019618468869727,0.003616013264308514,-0.000858556595168241,0.0040187886749255605,0.003968842733466897
cat__Father's occupation_infrequent_sklearn,0.0015828265006362294,0.0008728601922195797,0.00013814425291745319,-0.002484215422309659,0.0004421768491899409,-0.004480788029925302,-0.007136673753903076,0.006770466343940405,-0.0031735659134149536,0.0039029123831729393,0.00546413345425705,-0.0027965216023910695,0.010746967797970613,-0.0015973866688174677,-0.012658001803968491,0.0022378517396712634,0.0054485250179290385,-0.0019844474765235228,-0.00013364036748747359,-0.003630116021731657,0.004037214051202493,-0.011520453798996019,0.0008268433284943331,-0.011583985567097702,0.003720302080669074,-0.004764450098476177,0.0063498687710711755,0.019579017126324354,0.01023219359179928,-0.008809523345007996,-0.01106197217023347,-0.0004085059467211164,0.003979362418635734,-0.006915693541297054,-0.008573550226919323,0.002637048949397934,-0.017513965836136767,0.010828885910235233,-0.0414407974485528,0.009893340827607323,0.002607963957461632,-0.005689059149392496,-0.004777957192679165,-0.004065421766840811,-0.009452520418910742,0.006324823661007331,-0.013441890972123657,0.006963628079518242,0.03291029178972004,0.011293315878822568
cat__Displaced_0,0.008143492139380589,-0.06459896891752433,0.024098818734925875,-0.03585431383659463,0.034976896080757505,0.11599073030788738,0.12536834808246852,0.09673071602799903,-0.013426667232491429,0.010856830849472109,0.02700869906323531,-0.07025477053805423,0.06953648164868234,-0.12829311044229252,-0.34229314347698586,0.3399440503290022,0.06392891458565286,-0.311776205574761,-0.0004328919038912868,0.05481129463994891,-0.10952880892250237,-0.0507780849676429,0.06121148525111755,0.11522734291271783,-0.043878938615728585,-0.18091445384866925,-0.10355610052138561,0.04410550664428099,-0.014829019325218625,0.022026957580568052,0.036506071373745466,0.041215785819159315,0.006588816652212143,0.0017195777975607049,-0.008330412025993494,-0.04409280974253013,0.015664060777162238,-0.006519255911675556,0.001599384873428776,-0.001910858452323999,-0.006521543880905534,0.001989773902340175,-0.009259819421269383,-0.028238310074185258,-0.014295876795371821,-0.020933195182922318,0.020443732230947684,-0.0028817381049653853,0.0027459516138636578,0.00646382614772718
cat__Displaced_1,-0.00814349213938058,0.06459896891752434,-0.0240988187349259,0.03585431383659463,-0.03497689608075752,-0.1159907303078874,-0.12536834808246852,-0.09673071602799897,0.013426667232491475,-0.010856830849472086,-0.02700869906323534,0.07025477053805423,-0.06953648164868245,0.12829311044229244,0.34229314347698575,-0.3399440503290021,-0.06392891458565278,0.31177620557476093,0.0004328919038912799,-0.05481129463994893,0.10952880892250237,0.05077808496764287,-0.06121148525111751,-0.11522734291271769,0.04387893861572852,0.18091445384866922,0.10355610052138563,-0.04410550664428101,0.014829019325218568,-0.02202695758056808,-0.03650607137374545,-0.04121578581915923,-0.006588816652212032,-0.0017195777975607604,0.008330412025993508,0.04409280974253016,-0.015664060777162155,0.006519255911675521,-0.0015993848734287414,0.0019108584523239713,0.006521543880905492,-0.0019897739023401195,0.009259819421269383,0.028238310074185063,0.01429587679537182,0.020933195182922387,-0.02044373223094758,0.002881738104965212,-0.002745951613863623,-0.006463826147727208
cat__Educational special needs_0,0.001053458711450156,-0.0014159799811312983,0.0007906901764575106,-3.7341873115526785e-05,-0.0008398019961196995,0.0015582417392111067,-0.0007771704114507128,0.004615627031891004,0.0001654837137395334,6.523696046800526e-06,0.000886750898982124,0.0012690512734134045,-0.005925461655057053,-0.002654743087346811,0.0031539775741536115,-0.001816698587675492,-0.0061716173813016195,0.0005387909707965265,0.002040794379627244,-0.0006516347556692382,-0.0009739892090224744,-0.003095680341450952,0.003114197819363816,0.0023004322486318797,0.0015190683590139793,0.0052529440110480555,0.002338046100037114,0.0063679438140919024,0.005612363880228435,0.0028105285307678182,-0.0011031821760246353,0.006528880440040341,4.890333589024909e-06,0.008629746777044426,-0.005061076296830237,-0.006803820410059913,0.003179194207949985,0.0006187550952643193,-0.00041235339444927583,0.00011856784687581164,-0.009918446044468569,0.004954930449355025,-0.0004233637048920388,-0.0013025408445620015,-0.0009342736082429907,0.01583591419464621,-0.004209671384926104,-0.0071454109189058364,0.006030475704329392,-0.010243784220808166
cat__Educational special needs_1,-0.0010534587114501553,0.0014159799811312992,-0.0007906901764575135,3.73418731155283e-05,0.0008398019961196981,-0.00155824173921111,0.0007771704114507128,-0.004615627031891007,-0.00016548371373953187,-6.523696046794376e-06,-0.0008867508989821142,-0.0012690512734133991,0.005925461655057052,0.0026547430873468084,-0.003153977574153615,0.0018166985876754919,0.006171617381301619,-0.0005387909707965301,-0.0020407943796272392,0.0006516347556692288,0.0009739892090224844,0.003095680341450957,-0.003114197819363815,-0.002300432248631877,-0.0015190683590139828,-0.0052529440110480625,-0.002338046100037105,-0.0063679438140918955,-0.005612363880228432,-0.002810528530767814,0.0011031821760246396,-0.0065288804400403366,-4.890333589036185e-06,-0.008629746777044419,0.005061076296830227,0.0068038204100599,-0.00317919420794998,-0.0006187550952643124,0.00041235339444926607,-0.00011856784687580384,0.009918446044468562,-0.004954930449355035,0.0004233637048920581,0.0013025408445620024,0.0009342736082430169,-0.01583591419464621,0.0042096713849261135,0.007145410918905837,-0.006030475704329389,0.010243784220808159
cat__Debtor_0,0.008241148495672507,0.027690307689660375,-0.013793832711163375,0.02141857954522139,0.005761312816733152,0.013004727317564815,-0.00022277492366670925,-0.01783256548231131,0.02358340253351453,-0.025842156959855343,-0.03676203220950369,-0.013813473181244186,-0.025803017203862112,-0.01074014131696935,-0.008543125872169969,-0.037363720272817355,-0.0317237872850135,-0.0035907039056476396,-0.0695959746761664,0.037740298347771685,-0.14664164500932833,-0.047930804290558765,-0.3873093405296502,0.13959173596448882,0.0423352674884763,0.06743067533182517,-0.008736941868453862,0.07449627217718435,-0.07651022581023598,0.04231159091253882,0.11149885963143742,0.03231486361844865,0.018436755706626777,-0.03444358405954038,0.07118444014766134,-0.07432156132026177,0.04337843863081056,-0.17315081802167584,0.38545284673998503,-0.09615107471202089,0.14386672510294665,-0.10017629132046726,0.03108485581069873,0.018158411282698773,-0.062031355873016183,-0.01633005830816993,0.032509772439210875,0.03670418222642293,0.01387850836753074,0.04245984154760523
cat__Debtor_1,-0.008241148495672512,-0.027690307689660368,0.013793832711163377,-0.021418579545221392,-0.00576131281673314,-0.013004727317564805,0.00022277492366670296,0.017832565482311293,-0.023583402533514524,0.025842156959855343,0.03676203220950366,0.013813473181244174,0.025803017203862137,0.010740141316969362,0.008543125872169943,0.03736372027281734,0.031723787285013495,0.00359070390564764,0.06959597467616635,-0.03774029834777167,0.1466416450093283,0.047930804290558786,0.38730934052965027,-0.1395917359644887,-0.04233526748847629,-0.06743067533182519,0.00873694186845389,-0.0744962721771843,0.07651022581023596,-0.042311590912538846,-0.11149885963143745,-0.032314863618448604,-0.018436755706626777,0.03444358405954038,-0.07118444014766136,0.07432156132026183,-0.0433784386308106,0.17315081802167584,-0.38545284673998476,0.09615107471202089,-0.14386672510294665,0.10017629132046722,-0.031084855810698662,-0.01815841128269874,0.06203135587301617,0.016330058308169915,-0.032509772439210854,-0.036704182226422945,-0.013878508367530707,-0.042459841547605244
cat__Tuition fees up to date_0,-0.018840250575051034,-0.051351748594255724,0.013311542115911679,-0.019644137183333042,-0.006485316793147659,-0.009710155795357165,-0.0020154724616020677,0.014418070651552069,-0.010021550389710771,0.008591003492132007,0.024340478106532823,0.010756391904534332,-0.006074419725909336,0.007660510399738822,0.025294219002352854,0.01503235328046533,0.0062515408745798876,0.009320418265315438,0.08311129831724941,-0.04831126028224586,0.149695651961135,0.07744207301410942,0.39409490807193,-0.12918522265489102,0.004203164516149931,-0.11140205441851571,-0.0031329408609445247,-0.1069884546301202,0.10321422543985008,-0.04347120855450447,-0.020862358168979588,0.07944793535946883,-0.03505063478819823,0.012701090079171473,0.019088942229385928,-0.04023356173862917,0.07795478370143448,-0.17972801404671523,0.36213313950522696,-0.05966143899555797,0.19017679132357765,-0.09657668800203477,0.04939259200540298,0.004238330082979597,-0.0007481054664063066,0.03758040585260492,0.05320982932431205,-0.00991494017192889,0.039043030497824024,0.029339525973873883
cat__Tuition fees up to date_1,0.018840250575051034,0.05135174859425573,-0.013311542115911682,0.019644137183333046,0.006485316793147663,0.00971015579535717,0.0020154724616020486,-0.014418070651552073,0.010021550389710771,-0.008591003492132012,-0.02434047810653282,-0.01075639190453431,0.006074419725909344,-0.007660510399738833,-0.025294219002352854,-0.01503235328046535,-0.006251540874579885,-0.009320418265315409,-0.08311129831724938,0.048311260282245895,-0.149695651961135,-0.07744207301410938,-0.39409490807192993,0.12918522265489119,-0.004203164516149953,0.1114020544185158,0.0031329408609445525,0.10698845463012022,-0.10321422543985012,0.0434712085545045,0.02086235816897962,-0.07944793535946879,0.03505063478819827,-0.012701090079171496,-0.019088942229385966,0.04023356173862919,-0.07795478370143444,0.17972801404671526,-0.3621331395052268,0.05966143899555794,-0.19017679132357757,0.09657668800203481,-0.04939259200540293,-0.0042383300829795835,0.0007481054664063153,-0.03758040585260496,-0.05320982932431207,0.009914940171928897,-0.03904303049782396,-0.029339525973873896
cat__Gender_0,0.02558640694824411,0.04204577699821338,-0.028579845818397218,0.029764619779749996,0.00034835960661128824,0.004546566467989567,-0.04157630337920048,-0.043686096490862004,0.012738231039331579,-0.041125685929143764,-0.14637785712823567,0.028581775703877824,-0.015642772295893705,0.31092682720748666,-0.15141750882450944,-0.09793727215131519,0.5522036913496179,0.007972864143840842,0.07304501778625395,0.05402723823388239,0.025561700632528193,0.03228857723556702,0.019744403349318464,0.028562724310468954,-0.0014187076660389375,0.010026811292869697,-0.034898797403714835,0.03744966511528769,-0.03311095361720719,0.014701607830034595,0.02612879702666624,-0.012764510609976836,0.02023585528776805,0.006639276575748396,0.03830529637079492,0.013374366008260308,-0.01391595442384917,-0.010576102131376205,0.01415140056504754,-0.004545253845287263,-0.009018504233564503,0.01680422619314075,0.005767527851175181,-0.004729030833113754,-0.03155743382506223,0.001589989833377678,0.013657443647605717,-0.02762243188974274,-0.0019517927758609943,-0.002232742644618241
cat__Gender_1,-0.02558640694824411,-0.04204577699821338,0.028579845818397218,-0.029764619779749996,-0.0003483596066112751,-0.004546566467989545,0.04157630337920051,0.04368609649086197,-0.012738231039331551,0.041125685929143785,0.14637785712823567,-0.028581775703877828,0.015642772295893764,-0.31092682720748666,0.15141750882450936,0.09793727215131517,-0.5522036913496178,-0.007972864143840823,-0.07304501778625401,-0.05402723823388232,-0.02556170063252817,-0.032288577235566975,-0.019744403349318436,-0.028562724310468975,0.0014187076660389167,-0.010026811292869683,0.03489879740371479,-0.03744966511528766,0.03311095361720717,-0.014701607830034595,-0.02612879702666631,0.012764510609976843,-0.020235855287768046,-0.006639276575748362,-0.038305296370794946,-0.013374366008260391,0.013915954423849193,0.010576102131376233,-0.01415140056504754,0.004545253845287235,0.00901850423356459,-0.01680422619314064,-0.005767527851175271,0.004729030833113844,0.03155743382506228,-0.0015899898333777522,-0.013657443647605752,0.027622431889742782,0.0019517927758610082,0.002232742644618242
cat__Scholarship holder_0,-0.012594886821766958,-0.058781253813521284,0.028098157040873033,-0.02923861831675608,0.0034129459876098174,0.016630535574069863,-0.007866114661401937,0.0261625754670945,0.010457779097901881,-0.014185891905114423,0.10113291351366586,-0.018936522108404026,-0.03670242861834165,-0.22741026930227173,-0.018038460332744102,-0.2485889726456203,0.03050091324102154,-0.04651027423959656,0.5102246386490441,0.14432721660892706,0.028889682371921143,-0.12183154907942594,-0.037596099446865136,0.11654229353647866,0.03191718188099395,0.011377482722913966,-0.035505849372620024,0.09369370953510996,0.15604756060567163,0.03723830880262938,-0.05412989101579012,-0.03197330162944767,0.036860921844498074,0.012918955134176735,0.019826332352806075,-0.014935955968915322,-0.028540309542713364,-0.04726388526871475,-0.024049486099823002,0.02346953960435576,-0.01412103195736956,-0.02745181782208989,0.009681508331735797,0.00010907443234607628,0.0061896334451460675,0.0038047243552891893,0.018043361230467563,0.006793513498792373,0.00035228681679637386,0.013372427690151588
cat__Scholarship holder_1,0.012594886821766956,0.05878125381352128,-0.028098157040873022,0.029238618316756074,-0.0034129459876098196,-0.016630535574069856,0.00786611466140195,-0.026162575467094506,-0.010457779097901899,0.014185891905114408,-0.10113291351366582,0.018936522108403974,0.03670242861834164,0.22741026930227162,0.018038460332744102,0.24858897264562022,-0.030500913241021565,0.046510274239596576,-0.5102246386490441,-0.14432721660892694,-0.02888968237192116,0.12183154907942598,0.037596099446865136,-0.11654229353647855,-0.03191718188099396,-0.011377482722914056,0.035505849372619996,-0.09369370953510993,-0.1560475606056717,-0.03723830880262946,0.054129891015790146,0.03197330162944756,-0.03686092184449791,-0.012918955134176749,-0.01982633235280607,0.014935955968915319,0.028540309542713256,0.04726388526871467,0.02404948609982297,-0.02346953960435571,0.01412103195736959,0.0274518178220899,-0.00968150833173581,-0.00010907443234611791,-0.006189633445146166,-0.0038047243552891997,-0.01804336123046764,-0.0067935134987923765,-0.0003522868167963565,-0.013372427690151638
cat__International_0,-0.00010991667675534554,-0.0003933707095717651,0.0018363444280566597,0.001514838450038766,0.004621655531546059,-0.00124260071957505,0.00496174488191832,-0.006819614897271458,0.001281471199784581,-0.0016059620775844548,-0.004934157500444796,0.0036836379892081095,-0.01046110940301571,-0.006084593403834924,0.011883580989789148,0.0029764537374042978,-0.012498591963564582,-0.015148227039125755,-0.026618383573272862,-0.01429487852816864,-0.014985789234066972,-0.01970854590902196,-0.028587075127096476,0.011784659805238889,0.029156925839228146,0.014988652258535552,-0.00941863709007279,-0.02128422956469818,0.039149456893307163,0.0034085766898355116,0.023613298237010423,0.01083545504242897,0.010312114790112913,-0.02749451197583641,-0.02127300263444239,0.003328870635891058,-0.010146891329485281,0.03689408645808237,-0.024395746944075227,0.02476589156974063,0.08579559951534228,0.0061833908342028565,0.014749265080690951,0.1315500089157346,0.01984503208441029,0.11757533601099648,0.34035216022282266,-0.1562599764416741,-0.06700258732467894,-0.0018390324626067628
cat__International_1,0.00010991667675534902,0.0003933707095717676,-0.0018363444280566476,-0.001514838450038761,-0.00462165553154608,0.00124260071957504,-0.0049617448819183375,0.006819614897271443,-0.0012814711997845953,0.0016059620775844535,0.004934157500444815,-0.0036836379892080766,0.010461109403015706,0.006084593403834904,-0.011883580989789129,-0.0029764537374042978,0.012498591963564567,0.015148227039125772,0.02661838357327288,0.014294878528168617,0.014985789234066977,0.01970854590902197,0.028587075127096462,-0.011784659805238866,-0.029156925839228125,-0.0149886522585356,0.00941863709007277,0.021284229564698207,-0.039149456893307205,-0.0034085766898354856,-0.023613298237010458,-0.010835455042428943,-0.010312114790112953,0.027494511975836397,0.021273002634442404,-0.003328870635891037,0.010146891329485288,-0.0368940864580824,0.024395746944075224,-0.024765891569740666,-0.08579559951534228,-0.006183390834202884,-0.014749265080690917,-0.13155000891573462,-0.01984503208441031,-0.11757533601099658,-0.34035216022282266,0.1562599764416741,0.06700258732467895,0.0018390324626067645
cat__Age group_20–24,0.0035194726740925214,0.004117689060419748,0.007785152993084107,0.00518759272757385,0.004164789855805047,-0.06346344302353805,-0.021838276209598006,-0.0330918876093062,-0.01689178667751175,0.014687287657423817,0.12075701557373357,-0.06251349161821815,0.03635103366362452,-0.12033729180922718,0.04337439391143174,0.15601859307382532,0.14163348461322484,0.49610015616272524,-0.10378878338191982,0.32266577863276263,-0.14882322843099072,-0.17356213206105006,0.029017616208043273,-0.0017493337214657609,-0.03621514181385908,-0.25424044371845916,-0.023870170898892817,0.09166834159717599,0.02798649654199041,0.002411367569705017,-0.08272210900698984,0.01626678759778882,-0.12007555255371677,0.09162815592787155,-0.008092566213083366,-0.018800843170812737,0.010145451019512534,-0.024079408554673706,-0.0035390311665514976,0.03672994795227531,0.02892332216710769,0.011238066090763204,-0.06445390779520237,0.042889212525109494,0.00017096200658035451,-0.027910024545030356,0.03688587324783567,-0.016381410720646274,0.021293489566683615,-0.005477906539605705
cat__Age group_25–34,0.000177755575603666,-0.0501480071343108,0.027072610040789334,-0.029271438736827193,0.014051557957976439,0.04732194401926667,0.04093703916754302,0.05068229369624372,0.0012189036035311302,0.005455032174713517,0.016044572609609228,0.030420343803943973,-0.0021795965297193988,-0.02507550349010009,-0.07013802582717854,0.02773908989146233,-0.00656854169183824,-0.01307875902622476,0.04552619807538995,-0.05575558586630016,-0.0032548746306775974,0.028223205809785972,0.0615890176335149,0.01789671813827388,0.013157722865883351,0.18448984543034608,0.2522731014898989,-0.1614721807282374,0.09614240723174142,-0.07160758584390285,0.3938026797355638,-0.039560979888956155,0.3340665556911864,-0.04291400124465637,0.32786069654576333,0.13686804472018976,-0.0568780772845301,0.08396762408535387,0.033839500403401675,-0.0025985281849452996,0.011881449906780247,0.04276893383577641,-0.04689628333216971,-0.07666098843408474,0.08106977904496945,0.10458092150110931,-0.03614613363466869,-0.006624830694945537,-0.15598469592009534,-0.02591083349337464
cat__Age group_35+,0.003148197161211934,-0.04450599587224162,0.03321128589090103,-0.03626538627486112,0.04156115390277677,0.05295612208519473,0.07616076547005793,0.12352659455790375,0.013803626759773292,-0.03572597809138115,-0.05592481259683832,-0.0038935617205042203,0.005507705206390353,0.05154330332791528,0.03581405055509798,-0.11921020327090272,-0.03523007947088098,-0.03404836292689028,-0.05579011577522121,-0.008686113889787116,0.05087278935489768,0.0036265639671073206,-0.028091914642989137,-0.015260372587642535,-0.01162310950893141,-0.060950950397561994,-0.13755848343397178,0.08640963453647757,-0.0683892255683457,0.041495559956889756,-0.18128555410483432,0.010379984527993144,-0.14788396190828382,0.004204896973521874,-0.1226913180023054,-0.06116087381294444,0.0222839709764808,-0.03836675501910671,-0.00819686663739299,-0.017435072726081347,-0.03246666928675104,-0.01712854865023168,0.07137794185717604,-0.013251040721782972,-0.04097390254667382,-0.027432454408216032,0.025304008599745333,0.0038462187323725977,0.04975412598776482,0.015286592296569073
cat__Age group_Under 20,-0.006845425410908151,0.09053631394613271,-0.06806904892477451,0.0603492322841145,-0.05977750171655825,-0.03681462308092334,-0.095259528428003,-0.14111700064484128,0.0018692563142073244,0.015583658259243889,-0.08087677558650444,0.03598670953477848,-0.03967914234029554,0.09386949197141205,-0.009050418639351236,-0.06454747969438498,-0.09983486345050559,-0.4489730342096103,0.11405270108175117,-0.2582240788766755,0.10120531370677058,0.14171236228415685,-0.06251471919856903,-0.0008870118291656945,0.034680528456907306,0.13070154868567535,-0.09084444715703442,-0.016605795405416336,-0.05573967820538618,0.027700658317308134,-0.12979501662373952,0.012914207763174243,-0.06610704122918579,-0.052919051656737166,-0.19707681233037477,-0.05690632773643245,0.024448655288536694,-0.0215214605115734,-0.022103602599457265,-0.016696347041248557,-0.008338102787136713,-0.03687845127630792,0.03997224927019609,0.04702281663075816,-0.04026683850487602,-0.049238442547862915,-0.02604374821291235,0.019160022683219376,0.08493708036564696,0.01610214773641141
cat__Zero approved 1st sem_0.0,0.09685213543800547,0.0517128985404739,-0.04542354891119628,0.029315344913871087,-0.07986773301241887,-0.05428790306739527,0.0657037979811932,0.059536034562006186,0.01740396036864942,-0.03459562494551734,0.027789508308426726,0.04150649632556043,0.004505206188031396,-0.03307377865772013,-0.005227495615951259,0.016748660973641517,0.016483078180017277,0.020985470849477883,0.03190552282034572,-0.03964089786984752,0.0259270196130751,0.005979551294354134,-0.0028214842220470136,-0.007951237232531414,0.02117756634611718,0.004172336206040926,-0.021354425234229195,-0.0023227481110867504,-0.02967655599028364,0.055795768023821954,0.0780418056339659,-0.025528715279770728,-0.070441268893343,0.0378336356791292,-0.002715844029665334,-0.001887848645665352,-0.006077210279670392,0.014072085093783208,-0.018862335173645328,-0.009915462348540016,0.018088904143361305,0.006101694496777128,0.0025442070234276233,0.013272505065432448,0.02063353161532138,0.003000822369944546,0.005558079454300348,0.009443466832182638,0.012649342131409919,0.02265299292318216
cat__Zero approved 1st sem_1.0,-0.09685213543800547,-0.0517128985404739,0.04542354891119628,-0.029315344913871083,0.07986773301241887,0.054287903067395275,-0.06570379798119319,-0.059536034562006165,-0.017403960368649392,0.03459562494551737,-0.027789508308426764,-0.041506496325560444,-0.004505206188031402,0.03307377865772015,0.005227495615951233,-0.016748660973641492,-0.016483078180017225,-0.020985470849477876,-0.031905522820345714,0.039640897869847584,-0.02592701961307508,-0.005979551294354159,0.00282148422204699,0.007951237232531395,-0.021177566346117165,-0.004172336206040891,0.021354425234229226,0.0023227481110867573,0.02967655599028364,-0.05579576802382197,-0.07804180563396586,0.025528715279770714,0.07044126889334303,-0.03783363567912923,0.002715844029665325,0.0018878486456652688,0.006077210279670321,-0.01407208509378323,0.018862335173645352,0.009915462348540084,-0.018088904143361256,-0.006101694496777099,-0.0025442070234275955,-0.01327250506543243,-0.020633531615321412,-0.003000822369944538,-0.005558079454300273,-0.009443466832182671,-0.012649342131409934,-0.02265299292318216
cat__Zero approved 2nd sem_0.0,0.10263165115991002,0.081954542189368,-0.04655819204922124,0.05777096970454474,0.041297787605025345,-0.00408198528313512,0.0436787835598436,0.04683197891796585,0.019703270300236966,-0.005156627815164165,0.09952617404659723,-0.04295602678021681,-0.0441664398638406,-0.002460335929722728,0.008017782000594538,0.002768168595945054,0.011732039354656866,0.009318550720715552,0.02167690043449398,-0.03754477710798223,0.03249490878086188,0.00522405865288624,0.005211774996079123,-0.0208552972719767,0.02112012320163026,0.0018355882554871583,-0.02401313104581205,-0.0011713115929827336,-0.0321254244566633,0.05451161394525887,0.07951900871245302,-0.02174422811983061,-0.05997687450444952,0.03380041922002727,-7.968048033945782e-05,0.006569735645566427,-0.004367430906150185,0.013821983431690693,-0.013831182545017579,0.0006172045207582036,0.008905321763367943,-0.0024788813571453086,0.0029766193818743895,0.010314511668771445,0.014151982066544389,-0.021006556152570372,0.007399511758812243,0.012948073134260087,0.0063974340545049305,0.013693374325377816
cat__Zero approved 2nd sem_1.0,-0.10263165115991003,-0.08195454218936798,0.04655819204922121,-0.05777096970454475,-0.041297787605025386,0.004081985283135142,-0.043678783559843525,-0.046831978917965866,-0.01970327030023697,0.005156627815164141,-0.09952617404659729,0.042956026780216934,0.044166439863840536,0.0024603359297228,-0.008017782000594498,-0.0027681685959450677,-0.011732039354656889,-0.009318550720715557,-0.02167690043449395,0.037544777107982256,-0.03249490878086194,-0.0052240586528862695,-0.005211774996079119,0.020855297271976714,-0.021120123201630293,-0.0018355882554871028,0.024013131045812156,0.0011713115929827475,0.03212542445666328,-0.05451161394525891,-0.07951900871245293,0.021744228119830726,0.05997687450444951,-0.033800419220027245,7.968048033948905e-05,-0.006569735645566455,0.004367430906150278,-0.013821983431690624,0.013831182545017565,-0.0006172045207583389,-0.008905321763367986,0.002478881357145305,-0.0029766193818744416,-0.010314511668771394,-0.014151982066544368,0.021006556152570414,-0.007399511758812361,-0.012948073134260088,-0.006397434054504873,-0.013693374325377795
cat__Zero enrolled 1st sem_0.0,0.05121457011801996,-0.044931775707016446,-0.060706266794245206,-0.00047044622489536596,-0.0008113792643555187,0.014428992760081869,-0.006684157606759377,-0.002201960940561502,-0.0018541231833582314,0.002130801355359439,-0.01236399471641185,-0.01499407984292307,-0.005160011655602863,-0.007655914418576047,0.005887589351349257,0.006754522864495198,0.0020598228154056386,0.007530863469845415,0.0017411871511192607,-0.0073741464949562885,0.003814056351071595,0.004462444454163101,-0.007553520537117816,-0.00010616657302283186,-0.004496324248316488,-0.0016370267034157004,-0.0020785714521830735,-0.005045613100683244,0.00416356542271643,-0.005270229035628585,-0.014635841512116205,0.001330605393357328,0.012637353931048234,-0.004667567058335025,0.0006065731259722981,0.004115773561193541,0.0002388170309216603,-0.0037876058807969504,0.001518168379739017,-0.0009346103170070624,-0.00280580353736665,0.005321170955360692,-0.0011636496126127532,-0.0016715805636810712,-0.0025038882376348082,0.006455685132429497,-0.001770192364736898,-0.0006789351620162636,0.0010534674860675796,0.0006898614137322771
cat__Zero enrolled 1st sem_1.0,-0.05121457011801996,0.04493177570701644,0.06070626679424523,0.0004704462248953645,0.0008113792643555261,-0.014428992760081878,0.006684157606759371,0.002201960940561498,0.0018541231833582145,-0.002130801355359471,0.012363994716411832,0.014994079842923032,0.005160011655602877,0.007655914418576036,-0.005887589351349295,-0.006754522864495174,-0.0020598228154056555,-0.007530863469845367,-0.0017411871511192627,0.007374146494956272,-0.003814056351071601,-0.00446244445416308,0.007553520537117792,0.00010616657302284487,0.004496324248316469,0.0016370267034157143,0.002078571452183129,0.005045613100683234,-0.0041635654227164245,0.00527022903562855,0.014635841512116176,-0.0013306053933573106,-0.012637353931048163,0.004667567058334992,-0.0006065731259722992,-0.004115773561193496,-0.0002388170309216681,0.0037876058807969192,-0.0015181683797390036,0.000934610317007051,0.0028058035373666325,-0.005321170955360681,0.0011636496126127428,0.0016715805636810625,0.002503888237634812,-0.006455685132429469,0.0017701923647368476,0.0006789351620162965,-0.001053467486067557,-0.0006898614137322658
cat__Zero enrolled 2nd sem_0.0,0.05121457011801996,-0.044931775707016446,-0.060706266794245206,-0.00047044622489536596,-0.0008113792643555187,0.014428992760081869,-0.006684157606759377,-0.002201960940561502,-0.0018541231833582314,0.002130801355359439,-0.01236399471641185,-0.01499407984292307,-0.005160011655602863,-0.007655914418576047,0.005887589351349257,0.006754522864495198,0.0020598228154056386,0.007530863469845415,0.0017411871511192607,-0.0073741464949562885,0.003814056351071595,0.004462444454163101,-0.007553520537117816,-0.00010616657302283186,-0.004496324248316488,-0.0016370267034157004,-0.0020785714521830735,-0.005045613100683244,0.00416356542271643,-0.005270229035628585,-0.014635841512116205,0.001330605393357328,0.012637353931048234,-0.004667567058335025,0.0006065731259722981,0.004115773561193541,0.0002388170309216603,-0.0037876058807969504,0.001518168379739017,-0.0009346103170070624,-0.00280580353736665,0.005321170955360692,-0.0011636496126127532,-0.0016715805636810712,-0.0025038882376348082,0.006455685132429497,-0.001770192364736898,-0.0006789351620162636,0.0010534674860675796,0.0006898614137322771
cat__Zero enrolled 2nd sem_1.0,-0.05121457011801996,0.04493177570701644,0.06070626679424523,0.0004704462248953645,0.0008113792643555261,-0.014428992760081878,0.006684157606759371,0.002201960940561498,0.0018541231833582145,-0.002130801355359471,0.012363994716411832,0.014994079842923032,0.005160011655602877,0.007655914418576036,-0.005887589351349295,-0.006754522864495174,-0.0020598228154056555,-0.007530863469845367,-0.0017411871511192627,0.007374146494956272,-0.003814056351071601,-0.00446244445416308,0.007553520537117792,0.00010616657302284487,0.004496324248316469,0.0016370267034157143,0.002078571452183129,0.005045613100683234,-0.0041635654227164245,0.00527022903562855,0.014635841512116176,-0.0013306053933573106,-0.012637353931048163,0.004667567058334992,-0.0006065731259722992,-0.004115773561193496,-0.0002388170309216681,0.0037876058807969192,-0.0015181683797390036,0.000934610317007051,0.0028058035373666325,-0.005321170955360681,0.0011636496126127428,0.0016715805636810625,0.002503888237634812,-0.006455685132429469,0.0017701923647368476,0.0006789351620162965,-0.001053467486067557,-0.0006898614137322658
